Frame,Timestamp
1,1746018963.6998
2,1746018963.72485
3,1746018963.746
4,1746018963.7648
5,1746018963.78382
6,1746018963.8013
7,1746018963.81643
8,1746018963.83112
9,1746018963.84445
10,1746018963.85819
11,1746018963.87498
12,1746018963.89272
13,1746018963.90758
14,1746018963.9194
15,1746018963.93907
16,1746018963.95406
17,1746018963.96828
18,1746018963.99388
19,1746018964.01464
20,1746018964.03374
21,1746018964.04818
22,1746018964.0637
23,1746018964.07577
24,1746018964.08771
25,1746018964.10179
26,1746018964.12657
27,1746018964.1467
28,1746018964.16395
29,1746018964.17822
30,1746018964.1916
31,1746018964.2046
32,1746018964.2167
33,1746018964.23481
34,1746018964.24928
35,1746018964.26916
36,1746018964.2999
37,1746018964.32529
38,1746018964.3447
39,1746018964.36067
40,1746018964.3757
41,1746018964.38826
42,1746018964.40048
43,1746018964.41509
44,1746018964.43059
45,1746018964.44513
46,1746018964.45906
47,1746018964.47324
48,1746018964.48677
49,1746018964.50135
50,1746018964.53804
51,1746018964.56639
52,1746018964.58804
53,1746018964.60654
54,1746018964.63373
55,1746018964.65492
56,1746018964.67261
57,1746018964.68819
58,1746018964.70224
59,1746018964.71495
60,1746018964.72682
61,1746018964.7391
62,1746018964.75158
63,1746018964.76406
64,1746018964.77574
65,1746018964.78797
66,1746018964.79991
67,1746018964.81186
68,1746018964.82693
69,1746018964.84015
70,1746018964.85286
71,1746018964.86573
72,1746018964.87843
73,1746018964.89665
74,1746018964.93184
75,1746018964.9561
76,1746018964.98386
77,1746018965.00415
78,1746018965.02266
79,1746018965.03826
80,1746018965.05251
81,1746018965.06479
82,1746018965.07723
83,1746018965.08931
84,1746018965.12219
85,1746018965.14766
86,1746018965.16657
87,1746018965.18198
88,1746018965.19696
89,1746018965.2094
90,1746018965.22209
91,1746018965.23507
92,1746018965.24708
93,1746018965.2592
94,1746018965.27122
95,1746018965.28316
96,1746018965.29851
97,1746018965.31353
98,1746018965.32774
99,1746018965.33967
100,1746018965.35357
101,1746018965.36608
102,1746018965.378
103,1746018965.40235
104,1746018965.41989
105,1746018965.43682
106,1746018965.45085
107,1746018965.46369
108,1746018965.49879
109,1746018965.52466
110,1746018965.54541
111,1746018965.56269
112,1746018965.57753
113,1746018965.59117
114,1746018965.60507
115,1746018965.61734
116,1746018965.62965
117,1746018965.6418
118,1746018965.65428
119,1746018965.6701
120,1746018965.68344
121,1746018965.70195
122,1746018965.71725
123,1746018965.73067
124,1746018965.74325
125,1746018965.77206
126,1746018965.80251
127,1746018965.824
128,1746018965.84164
129,1746018965.85839
130,1746018965.87458
131,1746018965.88943
132,1746018965.90307
133,1746018965.91602
134,1746018965.92847
135,1746018965.95706
136,1746018965.96839
137,1746018965.98241
138,1746018965.99424
139,1746018966.0057
140,1746018966.01705
141,1746018966.03576
142,1746018966.04815
143,1746018966.0688
144,1746018966.07937
145,1746018966.09477
146,1746018966.10628
147,1746018966.12444
148,1746018966.15106
149,1746018966.17048
150,1746018966.18757
151,1746018966.20237
152,1746018966.21569
153,1746018966.2314
154,1746018966.24384
155,1746018966.26235
156,1746018966.27515
157,1746018966.30436
158,1746018966.32335
159,1746018966.34117
160,1746018966.35653
161,1746018966.37292
162,1746018966.38661
163,1746018966.4158
164,1746018966.43804
165,1746018966.45598
166,1746018966.47262
167,1746018966.48694
168,1746018966.50089
169,1746018966.51307
170,1746018966.52542
171,1746018966.53756
172,1746018966.54987
173,1746018966.56581
174,1746018966.57838
175,1746018966.59853
176,1746018966.61428
177,1746018966.6376
178,1746018966.65521
179,1746018966.67133
180,1746018966.6861
181,1746018966.70274
182,1746018966.71488
183,1746018966.73883
184,1746018966.76348
185,1746018966.77686
186,1746018966.78974
187,1746018966.80434
188,1746018966.81683
189,1746018966.82989
190,1746018966.85293
191,1746018966.87181
192,1746018966.88806
193,1746018966.90373
194,1746018966.9174
195,1746018966.93718
196,1746018966.96496
197,1746018966.98362
198,1746018967.00164
199,1746018967.01459
200,1746018967.03026
201,1746018967.04339
202,1746018967.05951
203,1746018967.07214
204,1746018967.08931
205,1746018967.10578
206,1746018967.12281
207,1746018967.13776
208,1746018967.14951
209,1746018967.17228
210,1746018967.18873
211,1746018967.20513
212,1746018967.21871
213,1746018967.23566
214,1746018967.24912
215,1746018967.26749
216,1746018967.298
217,1746018967.32112
218,1746018967.35069
219,1746018967.37274
220,1746018967.40019
221,1746018967.42153
222,1746018967.43952
223,1746018967.45462
224,1746018967.46781
225,1746018967.47965
226,1746018967.4918
227,1746018967.5043
228,1746018967.53493
229,1746018967.55774
230,1746018967.57605
231,1746018967.59313
232,1746018967.60731
233,1746018967.61957
234,1746018967.63249
235,1746018967.64413
236,1746018967.65628
237,1746018967.66823
238,1746018967.67993
239,1746018967.69256
240,1746018967.70456
241,1746018967.71644
242,1746018967.72843
243,1746018967.74058
244,1746018967.75306
245,1746018967.77354
246,1746018967.78801
247,1746018967.80515
248,1746018967.81937
249,1746018967.83472
250,1746018967.84765
251,1746018967.87017
252,1746018967.88587
253,1746018967.9021
254,1746018967.9144
255,1746018967.9368
256,1746018967.94749
257,1746018967.97113
258,1746018967.98637
259,1746018968.00446
260,1746018968.02186
261,1746018968.03684
262,1746018968.05044
263,1746018968.0723
264,1746018968.08766
265,1746018968.10575
266,1746018968.1201
267,1746018968.13865
268,1746018968.16962
269,1746018968.19276
270,1746018968.21213
271,1746018968.22768
272,1746018968.24192
273,1746018968.25518
274,1746018968.26844
275,1746018968.2805
276,1746018968.29326
277,1746018968.31188
278,1746018968.34266
279,1746018968.36522
280,1746018968.3842
281,1746018968.40073
282,1746018968.41509
283,1746018968.42824
284,1746018968.44039
285,1746018968.4529
286,1746018968.4649
287,1746018968.4772
288,1746018968.48948
289,1746018968.50732
290,1746018968.53675
291,1746018968.55565
292,1746018968.57409
293,1746018968.6044
294,1746018968.63622
295,1746018968.659
296,1746018968.67736
297,1746018968.69339
298,1746018968.70826
299,1746018968.72272
300,1746018968.73693
301,1746018968.75353
302,1746018968.78155
303,1746018968.80261
304,1746018968.82162
305,1746018968.83773
306,1746018968.85168
307,1746018968.86529
308,1746018968.87845
309,1746018968.8903
310,1746018968.90302
311,1746018968.9152
312,1746018968.93115
313,1746018968.94336
314,1746018968.95735
315,1746018968.9695
316,1746018968.98145
317,1746018968.997
318,1746018969.00883
319,1746018969.02289
320,1746018969.03771
321,1746018969.04956
322,1746018969.06172
323,1746018969.07384
324,1746018969.08667
325,1746018969.10494
326,1746018969.13953
327,1746018969.1697
328,1746018969.1893
329,1746018969.21979
330,1746018969.24133
331,1746018969.25978
332,1746018969.27585
333,1746018969.28907
334,1746018969.30207
335,1746018969.31364
336,1746018969.32606
337,1746018969.33819
338,1746018969.34995
339,1746018969.36198
340,1746018969.3738
341,1746018969.38539
342,1746018969.39823
343,1746018969.4108
344,1746018969.42284
345,1746018969.43573
346,1746018969.44902
347,1746018969.46196
348,1746018969.49367
349,1746018969.5169
350,1746018969.53499
351,1746018969.55124
352,1746018969.56523
353,1746018969.57742
354,1746018969.58924
355,1746018969.60251
356,1746018969.61496
357,1746018969.6411
358,1746018969.67464
359,1746018969.6978
360,1746018969.71733
361,1746018969.734
362,1746018969.74846
363,1746018969.76174
364,1746018969.77462
365,1746018969.78891
366,1746018969.8025
367,1746018969.81392
368,1746018969.82617
369,1746018969.84351
370,1746018969.86082
371,1746018969.87528
372,1746018969.88822
373,1746018969.90833
374,1746018969.92428
375,1746018969.93966
376,1746018969.95285
377,1746018969.97629
378,1746018969.99159
379,1746018970.00594
380,1746018970.01837
381,1746018970.04036
382,1746018970.05473
383,1746018970.07386
384,1746018970.0872
385,1746018970.10764
386,1746018970.13716
387,1746018970.15882
388,1746018970.17777
389,1746018970.20171
390,1746018970.22845
391,1746018970.24837
392,1746018970.26562
393,1746018970.28028
394,1746018970.29328
395,1746018970.30584
396,1746018970.31831
397,1746018970.33047
398,1746018970.34258
399,1746018970.35496
400,1746018970.36743
401,1746018970.37957
402,1746018970.39237
403,1746018970.40756
404,1746018970.4382
405,1746018970.46027
406,1746018970.47915
407,1746018970.49525
408,1746018970.51033
409,1746018970.52299
410,1746018970.53639
411,1746018970.54914
412,1746018970.56119
413,1746018970.57312
414,1746018970.58491
415,1746018970.60784
416,1746018970.62434
417,1746018970.64706
418,1746018970.66674
419,1746018970.68333
420,1746018970.69849
421,1746018970.71261
422,1746018970.72527
423,1746018970.74021
424,1746018970.75235
425,1746018970.77315
426,1746018970.80202
427,1746018970.82338
428,1746018970.84072
429,1746018970.85613
430,1746018970.8698
431,1746018970.88205
432,1746018970.89464
433,1746018970.90876
434,1746018970.92099
435,1746018970.94297
436,1746018970.97397
437,1746018970.99669
438,1746018971.01548
439,1746018971.03161
440,1746018971.04691
441,1746018971.06076
442,1746018971.07314
443,1746018971.08575
444,1746018971.09892
445,1746018971.11178
446,1746018971.124
447,1746018971.13879
448,1746018971.15048
449,1746018971.16211
450,1746018971.17415
451,1746018971.19368
452,1746018971.20544
453,1746018971.22705
454,1746018971.25647
455,1746018971.26862
456,1746018971.28042
457,1746018971.29661
458,1746018971.30845
459,1746018971.33489
460,1746018971.34682
461,1746018971.37439
462,1746018971.3869
463,1746018971.40908
464,1746018971.42117
465,1746018971.44075
466,1746018971.45288
467,1746018971.47473
468,1746018971.48701
469,1746018971.50891
470,1746018971.52055
471,1746018971.53309
472,1746018971.55145
473,1746018971.57303
474,1746018971.58947
475,1746018971.6061
476,1746018971.61983
477,1746018971.6338
478,1746018971.64605
479,1746018971.67564
480,1746018971.70703
481,1746018971.73364
482,1746018971.75289
483,1746018971.76862
484,1746018971.78148
485,1746018971.79371
486,1746018971.80596
487,1746018971.81784
488,1746018971.8304
489,1746018971.84578
490,1746018971.85812
491,1746018971.87761
492,1746018971.89312
493,1746018971.90831
494,1746018971.9205
495,1746018971.93338
496,1746018971.94618
497,1746018971.96696
498,1746018971.99683
499,1746018972.01871
500,1746018972.03728
501,1746018972.05368
502,1746018972.06832
503,1746018972.08122
504,1746018972.09328
505,1746018972.10586
506,1746018972.1177
507,1746018972.14195
508,1746018972.17226
509,1746018972.19423
510,1746018972.21302
511,1746018972.22836
512,1746018972.24275
513,1746018972.26089
514,1746018972.28123
515,1746018972.29856
516,1746018972.31676
517,1746018972.33289
518,1746018972.34485
519,1746018972.35688
520,1746018972.37069
521,1746018972.38276
522,1746018972.39481
523,1746018972.40883
524,1746018972.43284
525,1746018972.45841
526,1746018972.47959
527,1746018972.49751
528,1746018972.51394
529,1746018972.52774
530,1746018972.53998
531,1746018972.55213
532,1746018972.56448
533,1746018972.57647
534,1746018972.58835
535,1746018972.60457
536,1746018972.61886
537,1746018972.63364
538,1746018972.64879
539,1746018972.66547
540,1746018972.68036
541,1746018972.71072
542,1746018972.73444
543,1746018972.75345
544,1746018972.77024
545,1746018972.79293
546,1746018972.81327
547,1746018972.83071
548,1746018972.84376
549,1746018972.85673
550,1746018972.88599
551,1746018972.91312
552,1746018972.92936
553,1746018972.9441
554,1746018972.95699
555,1746018972.96926
556,1746018972.98103
557,1746018972.99254
558,1746018973.0053
559,1746018973.01843
560,1746018973.03133
561,1746018973.0437
562,1746018973.05573
563,1746018973.07771
564,1746018973.10898
565,1746018973.13131
566,1746018973.16018
567,1746018973.18347
568,1746018973.20668
569,1746018973.22168
570,1746018973.23787
571,1746018973.2499
572,1746018973.2643
573,1746018973.27635
574,1746018973.28849
575,1746018973.30306
576,1746018973.31845
577,1746018973.35095
578,1746018973.3721
579,1746018973.38957
580,1746018973.40454
581,1746018973.41759
582,1746018973.42941
583,1746018973.44146
584,1746018973.472
585,1746018973.4936
586,1746018973.51616
587,1746018973.5402
588,1746018973.56018
589,1746018973.5789
590,1746018973.61304
591,1746018973.63494
592,1746018973.65351
593,1746018973.67051
594,1746018973.68488
595,1746018973.69786
596,1746018973.71071
597,1746018973.74309
598,1746018973.76518
599,1746018973.7902
600,1746018973.8116
601,1746018973.82939
602,1746018973.84522
603,1746018973.8593
604,1746018973.87168
605,1746018973.88333
606,1746018973.89541
607,1746018973.92409
608,1746018973.94375
609,1746018973.96111
610,1746018973.97646
611,1746018973.99037
612,1746018974.0195
613,1746018974.04381
614,1746018974.06468
615,1746018974.07949
616,1746018974.09242
617,1746018974.10488
618,1746018974.11684
619,1746018974.12869
620,1746018974.14046
621,1746018974.15265
622,1746018974.16552
623,1746018974.17831
624,1746018974.19237
625,1746018974.20445
626,1746018974.21651
627,1746018974.2284
628,1746018974.24062
629,1746018974.25368
630,1746018974.2658
631,1746018974.27846
632,1746018974.29015
633,1746018974.30233
634,1746018974.31439
635,1746018974.32621
636,1746018974.33987
637,1746018974.35194
638,1746018974.36387
639,1746018974.37616
640,1746018974.38812
641,1746018974.40095
642,1746018974.41335
643,1746018974.4253
644,1746018974.43741
645,1746018974.44916
646,1746018974.46106
647,1746018974.47322
648,1746018974.48497
649,1746018974.51138
650,1746018974.52991
651,1746018974.54835
652,1746018974.56461
653,1746018974.5795
654,1746018974.59256
655,1746018974.6131
656,1746018974.62514
657,1746018974.64541
658,1746018974.66039
659,1746018974.67852
660,1746018974.70823
661,1746018974.7299
662,1746018974.74816
663,1746018974.76442
664,1746018974.77796
665,1746018974.78992
666,1746018974.80236
667,1746018974.81467
668,1746018974.8301
669,1746018974.84659
670,1746018974.87801
671,1746018974.9012
672,1746018974.92006
673,1746018974.93704
674,1746018974.95157
675,1746018974.96458
676,1746018974.97676
677,1746018974.98912
678,1746018975.00128
679,1746018975.01355
680,1746018975.02527
681,1746018975.04284
682,1746018975.06547
683,1746018975.08425
684,1746018975.10004
685,1746018975.11459
686,1746018975.14616
687,1746018975.16818
688,1746018975.19273
689,1746018975.21517
690,1746018975.2306
691,1746018975.24428
692,1746018975.25746
693,1746018975.2707
694,1746018975.28304
695,1746018975.29496
696,1746018975.30698
697,1746018975.31893
698,1746018975.33468
699,1746018975.36689
700,1746018975.39188
701,1746018975.40898
702,1746018975.4237
703,1746018975.43953
704,1746018975.45357
705,1746018975.48085
706,1746018975.50226
707,1746018975.52044
708,1746018975.53547
709,1746018975.54885
710,1746018975.56116
711,1746018975.57322
712,1746018975.58547
713,1746018975.59843
714,1746018975.6102
715,1746018975.62496
716,1746018975.65012
717,1746018975.66877
718,1746018975.6863
719,1746018975.70232
720,1746018975.7156
721,1746018975.72762
722,1746018975.73994
723,1746018975.75202
724,1746018975.76386
725,1746018975.7794
726,1746018975.79095
727,1746018975.8158
728,1746018975.83589
729,1746018975.85419
730,1746018975.86953
731,1746018975.88387
732,1746018975.89676
733,1746018975.91426
734,1746018975.94341
735,1746018975.95586
736,1746018975.9714
737,1746018975.98373
738,1746018975.998
739,1746018976.01046
740,1746018976.02262
741,1746018976.04604
742,1746018976.06902
743,1746018976.08818
744,1746018976.10498
745,1746018976.11949
746,1746018976.13266
747,1746018976.14463
748,1746018976.1604
749,1746018976.17443
750,1746018976.1908
751,1746018976.21095
752,1746018976.23925
753,1746018976.26075
754,1746018976.27919
755,1746018976.30704
756,1746018976.33296
757,1746018976.35172
758,1746018976.3703
759,1746018976.38362
760,1746018976.39632
761,1746018976.40866
762,1746018976.42089
763,1746018976.43313
764,1746018976.44583
765,1746018976.45846
766,1746018976.47066
767,1746018976.48269
768,1746018976.5123
769,1746018976.53518
770,1746018976.55354
771,1746018976.56993
772,1746018976.58376
773,1746018976.59642
774,1746018976.61106
775,1746018976.62318
776,1746018976.6352
777,1746018976.64955
778,1746018976.66355
779,1746018976.68013
780,1746018976.69335
781,1746018976.713
782,1746018976.74906
783,1746018976.77638
784,1746018976.79476
785,1746018976.8123
786,1746018976.82642
787,1746018976.84097
788,1746018976.85305
789,1746018976.86563
790,1746018976.87789
791,1746018976.89013
792,1746018976.90253
793,1746018976.91659
794,1746018976.93607
795,1746018976.95485
796,1746018976.9688
797,1746018976.98285
798,1746018976.9972
799,1746018977.01369
800,1746018977.02693
801,1746018977.03911
802,1746018977.05083
803,1746018977.07278
804,1746018977.1044
805,1746018977.12742
806,1746018977.15119
807,1746018977.17942
808,1746018977.20095
809,1746018977.22123
810,1746018977.23971
811,1746018977.25369
812,1746018977.26748
813,1746018977.28006
814,1746018977.29256
815,1746018977.30741
816,1746018977.31914
817,1746018977.33131
818,1746018977.34349
819,1746018977.35541
820,1746018977.36708
821,1746018977.38044
822,1746018977.40667
823,1746018977.43401
824,1746018977.45858
825,1746018977.48261
826,1746018977.51047
827,1746018977.52383
828,1746018977.54026
829,1746018977.55331
830,1746018977.56607
831,1746018977.57849
832,1746018977.5905
833,1746018977.60628
834,1746018977.61834
835,1746018977.6317
836,1746018977.6446
837,1746018977.65656
838,1746018977.66879
839,1746018977.68473
840,1746018977.71585
841,1746018977.73881
842,1746018977.75796
843,1746018977.78019
844,1746018977.79911
845,1746018977.8162
846,1746018977.83044
847,1746018977.84332
848,1746018977.85626
849,1746018977.86817
850,1746018977.88031
851,1746018977.89274
852,1746018977.90482
853,1746018977.91757
854,1746018977.92983
855,1746018977.94165
856,1746018977.95357
857,1746018977.97877
858,1746018977.99478
859,1746018978.00976
860,1746018978.02362
861,1746018978.03981
862,1746018978.0515
863,1746018978.06886
864,1746018978.10006
865,1746018978.12152
866,1746018978.14166
867,1746018978.15781
868,1746018978.17234
869,1746018978.18572
870,1746018978.19907
871,1746018978.21667
872,1746018978.24688
873,1746018978.26843
874,1746018978.28386
875,1746018978.29679
876,1746018978.30915
877,1746018978.32138
878,1746018978.33394
879,1746018978.3458
880,1746018978.35801
881,1746018978.38244
882,1746018978.39876
883,1746018978.41579
884,1746018978.43067
885,1746018978.44874
886,1746018978.47768
887,1746018978.49984
888,1746018978.51818
889,1746018978.53708
890,1746018978.55302
891,1746018978.56689
892,1746018978.58012
893,1746018978.60379
894,1746018978.63099
895,1746018978.65169
896,1746018978.66904
897,1746018978.68444
898,1746018978.69807
899,1746018978.71159
900,1746018978.72617
901,1746018978.7413
902,1746018978.75493
903,1746018978.76728
904,1746018978.77943
905,1746018978.79196
906,1746018978.80442
907,1746018978.81686
908,1746018978.82953
909,1746018978.8504
910,1746018978.88469
911,1746018978.90769
912,1746018978.92721
913,1746018978.94375
914,1746018978.96164
915,1746018978.98558
916,1746018979.00556
917,1746018979.02213
918,1746018979.03664
919,1746018979.04989
920,1746018979.06155
921,1746018979.07386
922,1746018979.08613
923,1746018979.09819
924,1746018979.12942
925,1746018979.1519
926,1746018979.16678
927,1746018979.18019
928,1746018979.19272
929,1746018979.20432
930,1746018979.21683
931,1746018979.23658
932,1746018979.26408
933,1746018979.2852
934,1746018979.30324
935,1746018979.31959
936,1746018979.33331
937,1746018979.34558
938,1746018979.35751
939,1746018979.37328
940,1746018979.38493
941,1746018979.39743
942,1746018979.41073
943,1746018979.42239
944,1746018979.43453
945,1746018979.44649
946,1746018979.45828
947,1746018979.4747
948,1746018979.50325
949,1746018979.53227
950,1746018979.55637
951,1746018979.5749
952,1746018979.58956
953,1746018979.60293
954,1746018979.61578
955,1746018979.62766
956,1746018979.64031
957,1746018979.65304
958,1746018979.66501
959,1746018979.68392
960,1746018979.71373
961,1746018979.73652
962,1746018979.75585
963,1746018979.77313
964,1746018979.78785
965,1746018979.8004
966,1746018979.81229
967,1746018979.82432
968,1746018979.83657
969,1746018979.85766
970,1746018979.87288
971,1746018979.8867
972,1746018979.89928
973,1746018979.91585
974,1746018979.92979
975,1746018979.94427
976,1746018979.95684
977,1746018979.97235
978,1746018979.98429
979,1746018980.003
980,1746018980.0336
981,1746018980.05618
982,1746018980.07506
983,1746018980.09465
984,1746018980.1195
985,1746018980.13953
986,1746018980.15673
987,1746018980.17148
988,1746018980.18471
989,1746018980.19725
990,1746018980.21221
991,1746018980.22442
992,1746018980.23671
993,1746018980.25115
994,1746018980.28046
995,1746018980.3022
996,1746018980.3213
997,1746018980.33689
998,1746018980.35025
999,1746018980.36231
1000,1746018980.37692
1001,1746018980.38866
1002,1746018980.40116
1003,1746018980.41287
1004,1746018980.42481
1005,1746018980.4405
1006,1746018980.45274
1007,1746018980.47314
1008,1746018980.50316
1009,1746018980.52492
1010,1746018980.54281
1011,1746018980.55867
1012,1746018980.57323
1013,1746018980.58649
1014,1746018980.59953
1015,1746018980.61671
1016,1746018980.64828
1017,1746018980.67154
1018,1746018980.69076
1019,1746018980.70726
1020,1746018980.7219
1021,1746018980.73479
1022,1746018980.74726
1023,1746018980.75993
1024,1746018980.7757
1025,1746018980.78787
1026,1746018980.8014
1027,1746018980.81654
1028,1746018980.82858
1029,1746018980.84358
1030,1746018980.85538
1031,1746018980.87097
1032,1746018980.88482
1033,1746018980.90329
1034,1746018980.91546
1035,1746018980.94697
1036,1746018980.96711
1037,1746018980.98654
1038,1746018981.00101
1039,1746018981.01657
1040,1746018981.03017
1041,1746018981.04945
1042,1746018981.0783
1043,1746018981.10746
1044,1746018981.12936
1045,1746018981.14751
1046,1746018981.16388
1047,1746018981.1783
1048,1746018981.1907
1049,1746018981.20258
1050,1746018981.21459
1051,1746018981.22704
1052,1746018981.23943
1053,1746018981.25124
1054,1746018981.26291
1055,1746018981.27882
1056,1746018981.29131
1057,1746018981.31739
1058,1746018981.33268
1059,1746018981.34727
1060,1746018981.35768
1061,1746018981.38527
1062,1746018981.39822
1063,1746018981.41349
1064,1746018981.43976
1065,1746018981.46144
1066,1746018981.48001
1067,1746018981.49652
1068,1746018981.51083
1069,1746018981.52352
1070,1746018981.53551
1071,1746018981.5529
1072,1746018981.56679
1073,1746018981.58993
1074,1746018981.61171
1075,1746018981.62792
1076,1746018981.64188
1077,1746018981.65452
1078,1746018981.66692
1079,1746018981.68551
1080,1746018981.70035
1081,1746018981.71588
1082,1746018981.74581
1083,1746018981.76783
1084,1746018981.78734
1085,1746018981.80393
1086,1746018981.8192
1087,1746018981.83214
1088,1746018981.84512
1089,1746018981.85693
1090,1746018981.86899
1091,1746018981.8855
1092,1746018981.90943
1093,1746018981.92806
1094,1746018981.94476
1095,1746018981.95857
1096,1746018981.97179
1097,1746018981.98837
1098,1746018982.00366
1099,1746018982.0172
1100,1746018982.02904
1101,1746018982.04419
1102,1746018982.05685
1103,1746018982.07426
1104,1746018982.10479
1105,1746018982.13468
1106,1746018982.15885
1107,1746018982.17915
1108,1746018982.19584
1109,1746018982.21093
1110,1746018982.22505
1111,1746018982.23946
1112,1746018982.25402
1113,1746018982.26651
1114,1746018982.27922
1115,1746018982.29081
1116,1746018982.30313
1117,1746018982.31526
1118,1746018982.32708
1119,1746018982.35303
1120,1746018982.36776
1121,1746018982.38754
1122,1746018982.41465
1123,1746018982.44292
1124,1746018982.46769
1125,1746018982.48744
1126,1746018982.50397
1127,1746018982.5186
1128,1746018982.53127
1129,1746018982.54361
1130,1746018982.55559
1131,1746018982.56783
1132,1746018982.57994
1133,1746018982.59189
1134,1746018982.60446
1135,1746018982.62169
1136,1746018982.65269
1137,1746018982.67557
1138,1746018982.70533
1139,1746018982.7266
1140,1746018982.74584
1141,1746018982.76165
1142,1746018982.77579
1143,1746018982.78885
1144,1746018982.80106
1145,1746018982.83346
1146,1746018982.86325
1147,1746018982.88467
1148,1746018982.90078
1149,1746018982.91462
1150,1746018982.92885
1151,1746018982.94442
1152,1746018982.95651
1153,1746018982.9688
1154,1746018982.98104
1155,1746018982.9927
1156,1746018983.02322
1157,1746018983.04654
1158,1746018983.06559
1159,1746018983.08226
1160,1746018983.09668
1161,1746018983.10971
1162,1746018983.12229
1163,1746018983.13433
1164,1746018983.14645
1165,1746018983.15876
1166,1746018983.18869
1167,1746018983.21033
1168,1746018983.22849
1169,1746018983.24497
1170,1746018983.25921
1171,1746018983.27186
1172,1746018983.28503
1173,1746018983.29742
1174,1746018983.31036
1175,1746018983.32261
1176,1746018983.3344
1177,1746018983.36565
1178,1746018983.38783
1179,1746018983.403
1180,1746018983.4185
1181,1746018983.43293
1182,1746018983.4452
1183,1746018983.45747
1184,1746018983.46997
1185,1746018983.4826
1186,1746018983.49459
1187,1746018983.50737
1188,1746018983.51984
1189,1746018983.53213
1190,1746018983.54428
1191,1746018983.55599
1192,1746018983.56818
1193,1746018983.58711
1194,1746018983.60129
1195,1746018983.61951
1196,1746018983.63317
1197,1746018983.65515
1198,1746018983.66836
1199,1746018983.68657
1200,1746018983.70208
1201,1746018983.72077
1202,1746018983.74096
1203,1746018983.76478
1204,1746018983.7974
1205,1746018983.82289
1206,1746018983.84349
1207,1746018983.85983
1208,1746018983.87444
1209,1746018983.88718
1210,1746018983.89872
1211,1746018983.91031
1212,1746018983.92197
1213,1746018983.9343
1214,1746018983.94623
1215,1746018983.95821
1216,1746018983.97072
1217,1746018983.98751
1218,1746018984.00063
1219,1746018984.01656
1220,1746018984.03036
1221,1746018984.05419
1222,1746018984.07117
1223,1746018984.0877
1224,1746018984.10285
1225,1746018984.11627
1226,1746018984.14103
1227,1746018984.17055
1228,1746018984.19426
1229,1746018984.21126
1230,1746018984.22702
1231,1746018984.24316
1232,1746018984.25683
1233,1746018984.26963
1234,1746018984.28194
1235,1746018984.29487
1236,1746018984.3075
1237,1746018984.31959
1238,1746018984.33169
1239,1746018984.34395
1240,1746018984.37426
1241,1746018984.39735
1242,1746018984.4165
1243,1746018984.43254
1244,1746018984.44687
1245,1746018984.45941
1246,1746018984.47196
1247,1746018984.48392
1248,1746018984.4959
1249,1746018984.52375
1250,1746018984.54243
1251,1746018984.55955
1252,1746018984.5741
1253,1746018984.58792
1254,1746018984.61895
1255,1746018984.63733
1256,1746018984.65289
1257,1746018984.6668
1258,1746018984.67906
1259,1746018984.69114
1260,1746018984.70381
1261,1746018984.72549
1262,1746018984.74155
1263,1746018984.75546
1264,1746018984.76742
1265,1746018984.78838
1266,1746018984.80349
1267,1746018984.81744
1268,1746018984.82948
1269,1746018984.85564
1270,1746018984.87471
1271,1746018984.89248
1272,1746018984.90781
1273,1746018984.92376
1274,1746018984.94178
1275,1746018984.95744
1276,1746018984.97095
1277,1746018984.98947
1278,1746018985.00445
1279,1746018985.02308
1280,1746018985.04058
1281,1746018985.05625
1282,1746018985.07048
1283,1746018985.08827
1284,1746018985.11578
1285,1746018985.13762
1286,1746018985.16781
1287,1746018985.18967
1288,1746018985.20841
1289,1746018985.22462
1290,1746018985.23897
1291,1746018985.25187
1292,1746018985.26432
1293,1746018985.27657
1294,1746018985.28855
1295,1746018985.30072
1296,1746018985.31262
1297,1746018985.32477
1298,1746018985.33659
1299,1746018985.35232
1300,1746018985.36447
1301,1746018985.38841
1302,1746018985.41935
1303,1746018985.44151
1304,1746018985.45995
1305,1746018985.47644
1306,1746018985.49101
1307,1746018985.50338
1308,1746018985.51577
1309,1746018985.52767
1310,1746018985.53963
1311,1746018985.55581
1312,1746018985.56845
1313,1746018985.59064
1314,1746018985.60777
1315,1746018985.62418
1316,1746018985.638
1317,1746018985.65444
1318,1746018985.66736
1319,1746018985.68875
1320,1746018985.72034
1321,1746018985.75026
1322,1746018985.781
1323,1746018985.80323
1324,1746018985.82179
1325,1746018985.83767
1326,1746018985.85186
1327,1746018985.86488
1328,1746018985.87689
1329,1746018985.88921
1330,1746018985.90127
1331,1746018985.91514
1332,1746018985.92723
1333,1746018985.93957
1334,1746018985.95148
1335,1746018985.97623
1336,1746018986.00167
1337,1746018986.03762
1338,1746018986.05931
1339,1746018986.07703
1340,1746018986.09237
1341,1746018986.10747
1342,1746018986.12109
1343,1746018986.13312
1344,1746018986.14498
1345,1746018986.15687
1346,1746018986.16859
1347,1746018986.18071
1348,1746018986.19271
1349,1746018986.20531
1350,1746018986.21759
1351,1746018986.22955
1352,1746018986.24113
1353,1746018986.25544
1354,1746018986.26756
1355,1746018986.2905
1356,1746018986.31004
1357,1746018986.32717
1358,1746018986.3437
1359,1746018986.35665
1360,1746018986.3817
1361,1746018986.40269
1362,1746018986.42014
1363,1746018986.43512
1364,1746018986.45099
1365,1746018986.46509
1366,1746018986.47709
1367,1746018986.48849
1368,1746018986.49989
1369,1746018986.52071
1370,1746018986.53804
1371,1746018986.56507
1372,1746018986.59166
1373,1746018986.61185
1374,1746018986.62931
1375,1746018986.64431
1376,1746018986.65719
1377,1746018986.66902
1378,1746018986.68061
1379,1746018986.69252
1380,1746018986.70462
1381,1746018986.71656
1382,1746018986.72807
1383,1746018986.74139
1384,1746018986.75288
1385,1746018986.7749
1386,1746018986.79443
1387,1746018986.81596
1388,1746018986.84336
1389,1746018986.86577
1390,1746018986.8902
1391,1746018986.91482
1392,1746018986.93446
1393,1746018986.95106
1394,1746018986.96541
1395,1746018986.97867
1396,1746018986.99034
1397,1746018987.00192
1398,1746018987.01343
1399,1746018987.02508
1400,1746018987.03652
1401,1746018987.05715
1402,1746018987.07238
1403,1746018987.09023
1404,1746018987.10399
1405,1746018987.12767
1406,1746018987.14467
1407,1746018987.15982
1408,1746018987.17383
1409,1746018987.19153
1410,1746018987.20718
1411,1746018987.22336
1412,1746018987.25222
1413,1746018987.27278
1414,1746018987.29156
1415,1746018987.30835
1416,1746018987.33327
1417,1746018987.35421
1418,1746018987.37128
1419,1746018987.38639
1420,1746018987.4
1421,1746018987.41207
1422,1746018987.42438
1423,1746018987.43609
1424,1746018987.44818
1425,1746018987.46026
1426,1746018987.47179
1427,1746018987.4916
1428,1746018987.50961
1429,1746018987.52448
1430,1746018987.53514
1431,1746018987.5591
1432,1746018987.58013
1433,1746018987.59824
1434,1746018987.61381
1435,1746018987.62751
1436,1746018987.63986
1437,1746018987.65739
1438,1746018987.68753
1439,1746018987.71202
1440,1746018987.73036
1441,1746018987.74582
1442,1746018987.75977
1443,1746018987.77194
1444,1746018987.7844
1445,1746018987.79822
1446,1746018987.81098
1447,1746018987.8268
1448,1746018987.85657
1449,1746018987.87787
1450,1746018987.89576
1451,1746018987.9107
1452,1746018987.92418
1453,1746018987.93644
1454,1746018987.94923
1455,1746018987.96116
1456,1746018987.98538
1457,1746018988.00938
1458,1746018988.02923
1459,1746018988.04448
1460,1746018988.05838
1461,1746018988.07034
1462,1746018988.08223
1463,1746018988.09422
1464,1746018988.10638
1465,1746018988.12561
1466,1746018988.15689
1467,1746018988.17847
1468,1746018988.1969
1469,1746018988.21257
1470,1746018988.22699
1471,1746018988.25113
1472,1746018988.26782
1473,1746018988.28351
1474,1746018988.29691
1475,1746018988.30952
1476,1746018988.32143
1477,1746018988.3332
1478,1746018988.3452
1479,1746018988.35804
1480,1746018988.37004
1481,1746018988.39293
1482,1746018988.42376
1483,1746018988.44714
1484,1746018988.46514
1485,1746018988.48184
1486,1746018988.49607
1487,1746018988.50893
1488,1746018988.52131
1489,1746018988.53315
1490,1746018988.54563
1491,1746018988.56317
1492,1746018988.58097
1493,1746018988.59652
1494,1746018988.61051
1495,1746018988.62519
1496,1746018988.65613
1497,1746018988.68226
1498,1746018988.69754
1499,1746018988.71106
1500,1746018988.72314
1501,1746018988.73484
1502,1746018988.74682
1503,1746018988.75879
1504,1746018988.77178
1505,1746018988.79211
1506,1746018988.82153
1507,1746018988.84342
1508,1746018988.86316
1509,1746018988.87884
1510,1746018988.89239
1511,1746018988.90635
1512,1746018988.92052
1513,1746018988.93263
1514,1746018988.94477
1515,1746018988.96058
1516,1746018988.98765
1517,1746018989.00844
1518,1746018989.02731
1519,1746018989.04245
1520,1746018989.05637
1521,1746018989.06872
1522,1746018989.08108
1523,1746018989.09321
1524,1746018989.10528
1525,1746018989.12319
1526,1746018989.1543
1527,1746018989.18117
1528,1746018989.20638
1529,1746018989.2266
1530,1746018989.25463
1531,1746018989.28074
1532,1746018989.30373
1533,1746018989.32102
1534,1746018989.33755
1535,1746018989.35017
1536,1746018989.36214
1537,1746018989.37442
1538,1746018989.38675
1539,1746018989.39869
1540,1746018989.41333
1541,1746018989.4251
1542,1746018989.43711
1543,1746018989.44965
1544,1746018989.46212
1545,1746018989.47413
1546,1746018989.48649
1547,1746018989.49925
1548,1746018989.51171
1549,1746018989.5278
1550,1746018989.54812
1551,1746018989.55996
1552,1746018989.57209
1553,1746018989.59158
1554,1746018989.62341
1555,1746018989.65442
1556,1746018989.67823
1557,1746018989.6983
1558,1746018989.71548
1559,1746018989.73092
1560,1746018989.74399
1561,1746018989.75655
1562,1746018989.7688
1563,1746018989.78072
1564,1746018989.79315
1565,1746018989.80511
1566,1746018989.81794
1567,1746018989.82988
1568,1746018989.84204
1569,1746018989.86176
1570,1746018989.88765
1571,1746018989.90738
1572,1746018989.92481
1573,1746018989.9395
1574,1746018989.95308
1575,1746018989.96577
1576,1746018989.97766
1577,1746018989.99406
1578,1746018990.0184
1579,1746018990.03901
1580,1746018990.05734
1581,1746018990.07205
1582,1746018990.08525
1583,1746018990.09969
1584,1746018990.11278
1585,1746018990.12767
1586,1746018990.13998
1587,1746018990.16142
1588,1746018990.19463
1589,1746018990.22138
1590,1746018990.24552
1591,1746018990.26368
1592,1746018990.27984
1593,1746018990.29497
1594,1746018990.30746
1595,1746018990.31961
1596,1746018990.33131
1597,1746018990.34308
1598,1746018990.35523
1599,1746018990.367
1600,1746018990.38117
1601,1746018990.39353
1602,1746018990.40524
1603,1746018990.42023
1604,1746018990.43211
1605,1746018990.44875
1606,1746018990.4766
1607,1746018990.49313
1608,1746018990.50761
1609,1746018990.52837
1610,1746018990.55452
1611,1746018990.57572
1612,1746018990.59261
1613,1746018990.61522
1614,1746018990.63655
1615,1746018990.65452
1616,1746018990.66985
1617,1746018990.68313
1618,1746018990.69522
1619,1746018990.70696
1620,1746018990.71917
1621,1746018990.73116
1622,1746018990.7429
1623,1746018990.75786
1624,1746018990.77577
1625,1746018990.79419
1626,1746018990.80863
1627,1746018990.82945
1628,1746018990.84157
1629,1746018990.86199
1630,1746018990.87753
1631,1746018990.89173
1632,1746018990.90455
1633,1746018990.92459
1634,1746018990.9486
1635,1746018990.96789
1636,1746018990.98438
1637,1746018990.99891
1638,1746018991.01214
1639,1746018991.02497
1640,1746018991.03981
1641,1746018991.06012
1642,1746018991.07238
1643,1746018991.08951
1644,1746018991.12172
1645,1746018991.14273
1646,1746018991.16189
1647,1746018991.17675
1648,1746018991.1902
1649,1746018991.20217
1650,1746018991.21483
1651,1746018991.22696
1652,1746018991.23882
1653,1746018991.25897
1654,1746018991.27081
1655,1746018991.29761
1656,1746018991.31528
1657,1746018991.33013
1658,1746018991.34285
1659,1746018991.36001
1660,1746018991.37305
1661,1746018991.38568
1662,1746018991.39763
1663,1746018991.4339
1664,1746018991.45667
1665,1746018991.47567
1666,1746018991.49213
1667,1746018991.50641
1668,1746018991.52228
1669,1746018991.53458
1670,1746018991.54656
1671,1746018991.56146
1672,1746018991.57387
1673,1746018991.5953
1674,1746018991.62466
1675,1746018991.64694
1676,1746018991.67608
1677,1746018991.70037
1678,1746018991.7191
1679,1746018991.73469
1680,1746018991.7484
1681,1746018991.76095
1682,1746018991.77303
1683,1746018991.78521
1684,1746018991.79746
1685,1746018991.82801
1686,1746018991.8544
1687,1746018991.87465
1688,1746018991.89189
1689,1746018991.90654
1690,1746018991.91989
1691,1746018991.93233
1692,1746018991.9459
1693,1746018991.95839
1694,1746018991.97082
1695,1746018991.98315
1696,1746018991.99775
1697,1746018992.00948
1698,1746018992.02192
1699,1746018992.0345
1700,1746018992.04664
1701,1746018992.06054
1702,1746018992.07297
1703,1746018992.09118
1704,1746018992.12146
1705,1746018992.14199
1706,1746018992.16066
1707,1746018992.17638
1708,1746018992.18984
1709,1746018992.20257
1710,1746018992.21492
1711,1746018992.22897
1712,1746018992.2636
1713,1746018992.28527
1714,1746018992.30366
1715,1746018992.31955
1716,1746018992.35156
1717,1746018992.37877
1718,1746018992.4009
1719,1746018992.41909
1720,1746018992.43315
1721,1746018992.44533
1722,1746018992.458
1723,1746018992.47035
1724,1746018992.48252
1725,1746018992.49466
1726,1746018992.50645
1727,1746018992.51849
1728,1746018992.53043
1729,1746018992.54251
1730,1746018992.55453
1731,1746018992.56655
1732,1746018992.57884
1733,1746018992.59146
1734,1746018992.60386
1735,1746018992.62037
1736,1746018992.63267
1737,1746018992.65628
1738,1746018992.6881
1739,1746018992.71144
1740,1746018992.73407
1741,1746018992.74885
1742,1746018992.76345
1743,1746018992.77582
1744,1746018992.78761
1745,1746018992.80122
1746,1746018992.81484
1747,1746018992.82996
1748,1746018992.84276
1749,1746018992.86337
1750,1746018992.87929
1751,1746018992.89714
1752,1746018992.92165
1753,1746018992.94137
1754,1746018992.96067
1755,1746018992.97384
1756,1746018992.98937
1757,1746018993.00136
1758,1746018993.01522
1759,1746018993.02754
1760,1746018993.03938
1761,1746018993.06766
1762,1746018993.10116
1763,1746018993.12397
1764,1746018993.15407
1765,1746018993.1754
1766,1746018993.19462
1767,1746018993.20945
1768,1746018993.22317
1769,1746018993.23534
1770,1746018993.24678
1771,1746018993.25932
1772,1746018993.27099
1773,1746018993.28287
1774,1746018993.31368
1775,1746018993.33392
1776,1746018993.35101
1777,1746018993.36657
1778,1746018993.38
1779,1746018993.3929
1780,1746018993.40565
1781,1746018993.41916
1782,1746018993.43221
1783,1746018993.44432
1784,1746018993.45736
1785,1746018993.46972
1786,1746018993.48264
1787,1746018993.49486
1788,1746018993.50728
1789,1746018993.52079
1790,1746018993.55248
1791,1746018993.57487
1792,1746018993.59408
1793,1746018993.61241
1794,1746018993.62616
1795,1746018993.63883
1796,1746018993.65135
1797,1746018993.66679
1798,1746018993.6808
1799,1746018993.69794
1800,1746018993.73319
1801,1746018993.75785
1802,1746018993.77006
1803,1746018993.78218
1804,1746018993.79435
1805,1746018993.80686
1806,1746018993.81934
1807,1746018993.84917
1808,1746018993.87214
1809,1746018993.89148
1810,1746018993.90769
1811,1746018993.92163
1812,1746018993.93493
1813,1746018993.9477
1814,1746018993.96185
1815,1746018993.97434
1816,1746018993.9868
1817,1746018993.99915
1818,1746018994.01111
1819,1746018994.03706
1820,1746018994.069
1821,1746018994.09231
1822,1746018994.11008
1823,1746018994.12647
1824,1746018994.14277
1825,1746018994.15522
1826,1746018994.16767
1827,1746018994.19244
1828,1746018994.21714
1829,1746018994.23722
1830,1746018994.2553
1831,1746018994.27055
1832,1746018994.28571
1833,1746018994.29851
1834,1746018994.31128
1835,1746018994.32334
1836,1746018994.33658
1837,1746018994.35104
1838,1746018994.3637
1839,1746018994.37556
1840,1746018994.38801
1841,1746018994.40199
1842,1746018994.4146
1843,1746018994.43077
1844,1746018994.45707
1845,1746018994.47854
1846,1746018994.49739
1847,1746018994.51345
1848,1746018994.52841
1849,1746018994.54123
1850,1746018994.55317
1851,1746018994.56677
1852,1746018994.57867
1853,1746018994.59699
1854,1746018994.6114
1855,1746018994.62556
1856,1746018994.63813
1857,1746018994.6663
1858,1746018994.68802
1859,1746018994.70599
1860,1746018994.72187
1861,1746018994.73541
1862,1746018994.74793
1863,1746018994.76439
1864,1746018994.77812
1865,1746018994.80023
1866,1746018994.81582
1867,1746018994.83113
1868,1746018994.84413
1869,1746018994.86526
1870,1746018994.88035
1871,1746018994.89974
1872,1746018994.9158
1873,1746018994.93262
1874,1746018994.94608
1875,1746018994.96587
1876,1746018994.98109
1877,1746018994.99977
1878,1746018995.03027
1879,1746018995.05331
1880,1746018995.07241
1881,1746018995.08922
1882,1746018995.10642
1883,1746018995.11955
1884,1746018995.13194
1885,1746018995.14418
1886,1746018995.15609
1887,1746018995.17209
1888,1746018995.18609
1889,1746018995.19943
1890,1746018995.21326
1891,1746018995.23432
1892,1746018995.24951
1893,1746018995.26658
1894,1746018995.29779
1895,1746018995.31975
1896,1746018995.33756
1897,1746018995.35428
1898,1746018995.36855
1899,1746018995.38078
1900,1746018995.39314
1901,1746018995.40519
1902,1746018995.41755
1903,1746018995.42968
1904,1746018995.44163
1905,1746018995.46628
1906,1746018995.49652
1907,1746018995.52002
1908,1746018995.53955
1909,1746018995.55595
1910,1746018995.57086
1911,1746018995.58388
1912,1746018995.59591
1913,1746018995.62172
1914,1746018995.64524
1915,1746018995.66411
1916,1746018995.68049
1917,1746018995.69733
1918,1746018995.71042
1919,1746018995.72228
1920,1746018995.73436
1921,1746018995.74689
1922,1746018995.7591
1923,1746018995.77172
1924,1746018995.78424
1925,1746018995.80149
1926,1746018995.83163
1927,1746018995.85361
1928,1746018995.87428
1929,1746018995.90391
1930,1746018995.92558
1931,1746018995.94398
1932,1746018995.96028
1933,1746018995.97548
1934,1746018995.98941
1935,1746018996.00171
1936,1746018996.01463
1937,1746018996.02749
1938,1746018996.03996
1939,1746018996.05313
1940,1746018996.06589
1941,1746018996.07823
1942,1746018996.09049
1943,1746018996.10279
1944,1746018996.11465
1945,1746018996.13258
1946,1746018996.16806
1947,1746018996.1924
1948,1746018996.21146
1949,1746018996.22913
1950,1746018996.24449
1951,1746018996.25635
1952,1746018996.26863
1953,1746018996.28039
1954,1746018996.29259
1955,1746018996.31817
1956,1746018996.34145
1957,1746018996.36122
1958,1746018996.3799
1959,1746018996.40954
1960,1746018996.43288
1961,1746018996.45748
1962,1746018996.47815
1963,1746018996.49533
1964,1746018996.51072
1965,1746018996.52435
1966,1746018996.5382
1967,1746018996.55009
1968,1746018996.5624
1969,1746018996.5748
1970,1746018996.58719
1971,1746018996.5995
1972,1746018996.61259
1973,1746018996.62456
1974,1746018996.63669
1975,1746018996.64942
1976,1746018996.66128
1977,1746018996.67337
1978,1746018996.68527
1979,1746018996.70021
1980,1746018996.73089
1981,1746018996.75291
1982,1746018996.77198
1983,1746018996.7881
1984,1746018996.80794
1985,1746018996.82553
1986,1746018996.84326
1987,1746018996.85964
1988,1746018996.87487
1989,1746018996.88766
1990,1746018996.89989
1991,1746018996.91186
1992,1746018996.92391
1993,1746018996.9362
1994,1746018996.94905
1995,1746018996.96515
1996,1746018996.97836
1997,1746018997.00183
1998,1746018997.02243
1999,1746018997.04091
2000,1746018997.05465
2001,1746018997.06836
2002,1746018997.09705
2003,1746018997.1253
2004,1746018997.149
2005,1746018997.1695
2006,1746018997.18708
2007,1746018997.2024
2008,1746018997.2158
2009,1746018997.22809
2010,1746018997.26163
2011,1746018997.27585
2012,1746018997.30289
2013,1746018997.32643
2014,1746018997.34538
2015,1746018997.36201
2016,1746018997.37617
2017,1746018997.38896
2018,1746018997.40102
2019,1746018997.41323
2020,1746018997.42608
2021,1746018997.43848
2022,1746018997.45057
2023,1746018997.46346
2024,1746018997.47553
2025,1746018997.48734
2026,1746018997.50015
2027,1746018997.51224
2028,1746018997.52733
2029,1746018997.54238
2030,1746018997.55575
2031,1746018997.56925
2032,1746018997.58123
2033,1746018997.59592
2034,1746018997.60861
2035,1746018997.6234
2036,1746018997.63565
2037,1746018997.65682
2038,1746018997.68882
2039,1746018997.71193
2040,1746018997.73078
2041,1746018997.74685
2042,1746018997.7644
2043,1746018997.77648
2044,1746018997.7923
2045,1746018997.80574
2046,1746018997.82041
2047,1746018997.83562
2048,1746018997.86443
2049,1746018997.87734
2050,1746018997.89145
2051,1746018997.90403
2052,1746018997.91552
2053,1746018997.92777
2054,1746018997.93829
2055,1746018997.96031
2056,1746018997.97152
2057,1746018997.99679
2058,1746018998.02675
2059,1746018998.04829
2060,1746018998.06607
2061,1746018998.07859
2062,1746018998.08946
2063,1746018998.10425
2064,1746018998.11477
2065,1746018998.13561
2066,1746018998.14614
2067,1746018998.16874
2068,1746018998.19997
2069,1746018998.22709
2070,1746018998.24581
2071,1746018998.26122
2072,1746018998.27452
2073,1746018998.28932
2074,1746018998.302
2075,1746018998.31396
2076,1746018998.32565
2077,1746018998.33986
2078,1746018998.35543
2079,1746018998.36766
2080,1746018998.37972
2081,1746018998.39255
2082,1746018998.40689
2083,1746018998.43542
2084,1746018998.46664
2085,1746018998.49455
2086,1746018998.51968
2087,1746018998.53971
2088,1746018998.55797
2089,1746018998.57352
2090,1746018998.58698
2091,1746018998.59919
2092,1746018998.61089
2093,1746018998.62321
2094,1746018998.6355
2095,1746018998.6474
2096,1746018998.65989
2097,1746018998.67162
2098,1746018998.68362
2099,1746018998.70373
2100,1746018998.73464
2101,1746018998.762
2102,1746018998.78212
2103,1746018998.79813
2104,1746018998.81182
2105,1746018998.82521
2106,1746018998.83793
2107,1746018998.85081
2108,1746018998.86324
2109,1746018998.87499
2110,1746018998.8873
2111,1746018998.90356
2112,1746018998.91702
2113,1746018998.93728
2114,1746018998.96753
2115,1746018998.99008
2116,1746018999.00995
2117,1746018999.03379
2118,1746018999.05322
2119,1746018999.06709
2120,1746018999.0788
2121,1746018999.09068
2122,1746018999.12081
2123,1746018999.14662
2124,1746018999.16763
2125,1746018999.1987
2126,1746018999.22594
2127,1746018999.24923
2128,1746018999.2688
2129,1746018999.28596
2130,1746018999.30136
2131,1746018999.31499
2132,1746018999.32763
2133,1746018999.3413
2134,1746018999.35317
2135,1746018999.36509
2136,1746018999.37664
2137,1746018999.38816
2138,1746018999.4005
2139,1746018999.41185
2140,1746018999.42369
2141,1746018999.43591
2142,1746018999.44847
2143,1746018999.46035
2144,1746018999.47238
2145,1746018999.48447
2146,1746018999.49682
2147,1746018999.50884
2148,1746018999.52116
2149,1746018999.53335
2150,1746018999.54494
2151,1746018999.57011
2152,1746018999.58684
2153,1746018999.60461
2154,1746018999.62
2155,1746018999.63578
2156,1746018999.66623
2157,1746018999.68777
2158,1746018999.70658
2159,1746018999.72247
2160,1746018999.73676
2161,1746018999.7495
2162,1746018999.76169
2163,1746018999.7768
2164,1746018999.78983
2165,1746018999.80771
2166,1746018999.82477
2167,1746018999.83939
2168,1746018999.85293
2169,1746018999.87245
2170,1746018999.88799
2171,1746018999.90389
2172,1746018999.91762
2173,1746018999.93923
2174,1746018999.95731
2175,1746018999.97245
2176,1746018999.98629
2177,1746019000.00469
2178,1746019000.03416
2179,1746019000.05575
2180,1746019000.08609
2181,1746019000.10857
2182,1746019000.13304
2183,1746019000.14825
2184,1746019000.16517
2185,1746019000.17786
2186,1746019000.19081
2187,1746019000.20311
2188,1746019000.21555
2189,1746019000.22789
2190,1746019000.24073
2191,1746019000.25253
2192,1746019000.26439
2193,1746019000.27911
2194,1746019000.30836
2195,1746019000.32971
2196,1746019000.34723
2197,1746019000.36266
2198,1746019000.37628
2199,1746019000.38899
2200,1746019000.40569
2201,1746019000.41771
2202,1746019000.42999
2203,1746019000.44251
2204,1746019000.45446
2205,1746019000.47237
2206,1746019000.48634
2207,1746019000.50562
2208,1746019000.5209
2209,1746019000.54487
2210,1746019000.56472
2211,1746019000.58126
2212,1746019000.59605
2213,1746019000.60908
2214,1746019000.62113
2215,1746019000.6362
2216,1746019000.65051
2217,1746019000.66811
2218,1746019000.69013
2219,1746019000.7139
2220,1746019000.73491
2221,1746019000.7516
2222,1746019000.76635
2223,1746019000.77918
2224,1746019000.79116
2225,1746019000.80327
2226,1746019000.81514
2227,1746019000.83482
2228,1746019000.86572
2229,1746019000.88722
2230,1746019000.90668
2231,1746019000.92497
2232,1746019000.93934
2233,1746019000.9515
2234,1746019000.96577
2235,1746019000.97727
2236,1746019000.99141
2237,1746019001.00874
2238,1746019001.0367
2239,1746019001.05619
2240,1746019001.07127
2241,1746019001.08486
2242,1746019001.0973
2243,1746019001.10972
2244,1746019001.12208
2245,1746019001.14002
2246,1746019001.17106
2247,1746019001.19488
2248,1746019001.21387
2249,1746019001.22888
2250,1746019001.24239
2251,1746019001.25423
2252,1746019001.26628
2253,1746019001.27795
2254,1746019001.28919
2255,1746019001.30432
2256,1746019001.31765
2257,1746019001.33744
2258,1746019001.35238
2259,1746019001.36595
2260,1746019001.37809
2261,1746019001.40459
2262,1746019001.42372
2263,1746019001.44087
2264,1746019001.4552
2265,1746019001.46989
2266,1746019001.48254
2267,1746019001.50524
2268,1746019001.53753
2269,1746019001.56889
2270,1746019001.59128
2271,1746019001.61324
2272,1746019001.62871
2273,1746019001.64262
2274,1746019001.65533
2275,1746019001.66821
2276,1746019001.67979
2277,1746019001.69563
2278,1746019001.70754
2279,1746019001.71918
2280,1746019001.73209
2281,1746019001.7435
2282,1746019001.75511
2283,1746019001.77248
2284,1746019001.78685
2285,1746019001.80225
2286,1746019001.81497
2287,1746019001.83979
2288,1746019001.87027
2289,1746019001.89213
2290,1746019001.9113
2291,1746019001.92731
2292,1746019001.94108
2293,1746019001.95405
2294,1746019001.96676
2295,1746019001.97898
2296,1746019001.99093
2297,1746019002.00306
2298,1746019002.01488
2299,1746019002.03935
2300,1746019002.0615
2301,1746019002.0798
2302,1746019002.09877
2303,1746019002.11205
2304,1746019002.12712
2305,1746019002.13966
2306,1746019002.15652
2307,1746019002.18179
2308,1746019002.20538
2309,1746019002.22319
2310,1746019002.23819
2311,1746019002.25144
2312,1746019002.26455
2313,1746019002.27795
2314,1746019002.28997
2315,1746019002.30541
2316,1746019002.3177
2317,1746019002.34157
2318,1746019002.37268
2319,1746019002.39496
2320,1746019002.41367
2321,1746019002.43093
2322,1746019002.44507
2323,1746019002.45691
2324,1746019002.4691
2325,1746019002.48127
2326,1746019002.49712
2327,1746019002.50922
2328,1746019002.52238
2329,1746019002.53578
2330,1746019002.5478
2331,1746019002.56358
2332,1746019002.57572
2333,1746019002.59355
2334,1746019002.62386
2335,1746019002.64597
2336,1746019002.66618
2337,1746019002.68389
2338,1746019002.69982
2339,1746019002.71307
2340,1746019002.72548
2341,1746019002.74049
2342,1746019002.76562
2343,1746019002.79164
2344,1746019002.81207
2345,1746019002.82933
2346,1746019002.84425
2347,1746019002.8574
2348,1746019002.86995
2349,1746019002.88298
2350,1746019002.89575
2351,1746019002.9082
2352,1746019002.92027
2353,1746019002.94365
2354,1746019002.97229
2355,1746019002.99442
2356,1746019003.01288
2357,1746019003.04454
2358,1746019003.06645
2359,1746019003.08443
2360,1746019003.09948
2361,1746019003.11317
2362,1746019003.12881
2363,1746019003.14078
2364,1746019003.15243
2365,1746019003.1639
2366,1746019003.17604
2367,1746019003.18778
2368,1746019003.19968
2369,1746019003.21144
2370,1746019003.22336
2371,1746019003.23554
2372,1746019003.24708
2373,1746019003.25953
2374,1746019003.27146
2375,1746019003.29399
2376,1746019003.32393
2377,1746019003.34605
2378,1746019003.36403
2379,1746019003.38011
2380,1746019003.3946
2381,1746019003.40743
2382,1746019003.41948
2383,1746019003.44091
2384,1746019003.46253
2385,1746019003.49753
2386,1746019003.5202
2387,1746019003.54172
2388,1746019003.55696
2389,1746019003.57253
2390,1746019003.58438
2391,1746019003.59649
2392,1746019003.61195
2393,1746019003.6262
2394,1746019003.63855
2395,1746019003.6508
2396,1746019003.66272
2397,1746019003.67513
2398,1746019003.68693
2399,1746019003.70874
2400,1746019003.72475
2401,1746019003.74219
2402,1746019003.76309
2403,1746019003.78339
2404,1746019003.8179
2405,1746019003.84572
2406,1746019003.86753
2407,1746019003.88287
2408,1746019003.90012
2409,1746019003.91234
2410,1746019003.92892
2411,1746019003.94081
2412,1746019003.95361
2413,1746019003.96611
2414,1746019003.97913
2415,1746019003.99273
2416,1746019004.0123
2417,1746019004.02431
2418,1746019004.03635
2419,1746019004.04839
2420,1746019004.06062
2421,1746019004.09359
2422,1746019004.12244
2423,1746019004.14257
2424,1746019004.15921
2425,1746019004.17349
2426,1746019004.18624
2427,1746019004.19867
2428,1746019004.21063
2429,1746019004.22217
2430,1746019004.23493
2431,1746019004.24676
2432,1746019004.2586
2433,1746019004.27503
2434,1746019004.30313
2435,1746019004.32513
2436,1746019004.34267
2437,1746019004.36963
2438,1746019004.39262
2439,1746019004.4227
2440,1746019004.44481
2441,1746019004.46252
2442,1746019004.47787
2443,1746019004.49063
2444,1746019004.50314
2445,1746019004.51554
2446,1746019004.52776
2447,1746019004.54008
2448,1746019004.55194
2449,1746019004.56914
2450,1746019004.5965
2451,1746019004.61808
2452,1746019004.63631
2453,1746019004.65203
2454,1746019004.66601
2455,1746019004.67841
2456,1746019004.69007
2457,1746019004.70183
2458,1746019004.71379
2459,1746019004.72558
2460,1746019004.73865
2461,1746019004.75106
2462,1746019004.76502
2463,1746019004.7774
2464,1746019004.78905
2465,1746019004.80914
2466,1746019004.82484
2467,1746019004.84423
2468,1746019004.87533
2469,1746019004.89684
2470,1746019004.92606
2471,1746019004.9492
2472,1746019004.96879
2473,1746019004.98534
2474,1746019005.00018
2475,1746019005.01316
2476,1746019005.02574
2477,1746019005.03865
2478,1746019005.05153
2479,1746019005.06446
2480,1746019005.07655
2481,1746019005.08853
2482,1746019005.10154
2483,1746019005.1137
2484,1746019005.12598
2485,1746019005.14176
2486,1746019005.17152
2487,1746019005.19965
2488,1746019005.22585
2489,1746019005.24632
2490,1746019005.26568
2491,1746019005.28093
2492,1746019005.29647
2493,1746019005.31056
2494,1746019005.32295
2495,1746019005.33537
2496,1746019005.34945
2497,1746019005.36186
2498,1746019005.37393
2499,1746019005.38582
2500,1746019005.39796
2501,1746019005.40999
2502,1746019005.42395
2503,1746019005.44342
2504,1746019005.45922
2505,1746019005.48865
2506,1746019005.51127
2507,1746019005.52949
2508,1746019005.54645
2509,1746019005.56094
2510,1746019005.57381
2511,1746019005.58623
2512,1746019005.59831
2513,1746019005.61013
2514,1746019005.62211
2515,1746019005.6435
2516,1746019005.67399
2517,1746019005.69958
2518,1746019005.72926
2519,1746019005.75077
2520,1746019005.76875
2521,1746019005.784
2522,1746019005.79781
2523,1746019005.8103
2524,1746019005.82251
2525,1746019005.83444
2526,1746019005.84717
2527,1746019005.85965
2528,1746019005.87215
2529,1746019005.88502
2530,1746019005.89696
2531,1746019005.9112
2532,1746019005.92535
2533,1746019005.9439
2534,1746019005.9786
2535,1746019006.00161
2536,1746019006.01845
2537,1746019006.03068
2538,1746019006.04305
2539,1746019006.05553
2540,1746019006.06801
2541,1746019006.08056
2542,1746019006.09308
2543,1746019006.10839
2544,1746019006.12113
2545,1746019006.13809
2546,1746019006.15073
2547,1746019006.17443
2548,1746019006.19163
2549,1746019006.20764
2550,1746019006.22089
2551,1746019006.23329
2552,1746019006.24499
2553,1746019006.26527
2554,1746019006.28083
2555,1746019006.31334
2556,1746019006.33466
2557,1746019006.35312
2558,1746019006.36823
2559,1746019006.38218
2560,1746019006.39448
2561,1746019006.40642
2562,1746019006.41819
2563,1746019006.42999
2564,1746019006.44196
2565,1746019006.47689
2566,1746019006.49444
2567,1746019006.50925
2568,1746019006.52217
2569,1746019006.54412
2570,1746019006.55933
2571,1746019006.5769
2572,1746019006.59217
2573,1746019006.61215
2574,1746019006.62767
2575,1746019006.64479
2576,1746019006.6558
2577,1746019006.66956
2578,1746019006.70055
2579,1746019006.71541
2580,1746019006.72594
2581,1746019006.74425
2582,1746019006.76021
2583,1746019006.7769
2584,1746019006.79331
2585,1746019006.81239
2586,1746019006.83829
2587,1746019006.85961
2588,1746019006.87975
2589,1746019006.89714
2590,1746019006.91083
2591,1746019006.92306
2592,1746019006.93542
2593,1746019006.94829
2594,1746019006.97829
2595,1746019007.00048
2596,1746019007.01856
2597,1746019007.0346
2598,1746019007.04891
2599,1746019007.06221
2600,1746019007.07531
2601,1746019007.08902
2602,1746019007.10357
2603,1746019007.11733
2604,1746019007.13077
2605,1746019007.14484
2606,1746019007.16802
2607,1746019007.1872
2608,1746019007.20445
2609,1746019007.22121
2610,1746019007.2455
2611,1746019007.26522
2612,1746019007.28221
2613,1746019007.29666
2614,1746019007.31026
2615,1746019007.32283
2616,1746019007.33543
2617,1746019007.34746
2618,1746019007.35922
2619,1746019007.3816
2620,1746019007.41307
2621,1746019007.43452
2622,1746019007.45257
2623,1746019007.4727
2624,1746019007.48591
2625,1746019007.50185
2626,1746019007.5139
2627,1746019007.52666
2628,1746019007.54039
2629,1746019007.55374
2630,1746019007.5671
2631,1746019007.57939
2632,1746019007.59132
2633,1746019007.61369
2634,1746019007.64463
2635,1746019007.67117
2636,1746019007.68957
2637,1746019007.70456
2638,1746019007.71788
2639,1746019007.72993
2640,1746019007.74173
2641,1746019007.75397
2642,1746019007.76962
2643,1746019007.78123
2644,1746019007.79449
2645,1746019007.80802
2646,1746019007.81959
2647,1746019007.83536
2648,1746019007.84743
2649,1746019007.86541
2650,1746019007.87754
2651,1746019007.89756
2652,1746019007.92472
2653,1746019007.94871
2654,1746019007.96716
2655,1746019007.98264
2656,1746019007.99591
2657,1746019008.01227
2658,1746019008.02637
2659,1746019008.04561
2660,1746019008.06008
2661,1746019008.07466
2662,1746019008.08984
2663,1746019008.1124
2664,1746019008.12883
2665,1746019008.14521
2666,1746019008.17575
2667,1746019008.20162
2668,1746019008.22411
2669,1746019008.24119
2670,1746019008.25561
2671,1746019008.26911
2672,1746019008.28173
2673,1746019008.29375
2674,1746019008.30591
2675,1746019008.31776
2676,1746019008.33006
2677,1746019008.34238
2678,1746019008.35445
2679,1746019008.38461
2680,1746019008.40553
2681,1746019008.42291
2682,1746019008.43865
2683,1746019008.45201
2684,1746019008.4644
2685,1746019008.47754
2686,1746019008.49025
2687,1746019008.51308
2688,1746019008.52716
2689,1746019008.54634
2690,1746019008.57625
2691,1746019008.59798
2692,1746019008.62229
2693,1746019008.64893
2694,1746019008.66846
2695,1746019008.68607
2696,1746019008.70122
2697,1746019008.71486
2698,1746019008.72702
2699,1746019008.74076
2700,1746019008.75347
2701,1746019008.76636
2702,1746019008.77947
2703,1746019008.79159
2704,1746019008.80382
2705,1746019008.81649
2706,1746019008.82867
2707,1746019008.84678
2708,1746019008.87234
2709,1746019008.8995
2710,1746019008.92173
2711,1746019008.94044
2712,1746019008.9562
2713,1746019008.96981
2714,1746019008.98259
2715,1746019008.99446
2716,1746019009.00697
2717,1746019009.02213
2718,1746019009.03521
2719,1746019009.04767
2720,1746019009.0772
2721,1746019009.09923
2722,1746019009.11811
2723,1746019009.13451
2724,1746019009.14906
2725,1746019009.16141
2726,1746019009.17377
2727,1746019009.18619
2728,1746019009.19847
2729,1746019009.21403
2730,1746019009.24788
2731,1746019009.27704
2732,1746019009.3014
2733,1746019009.31937
2734,1746019009.33728
2735,1746019009.35237
2736,1746019009.36608
2737,1746019009.37795
2738,1746019009.3903
2739,1746019009.4057
2740,1746019009.41758
2741,1746019009.4297
2742,1746019009.44179
2743,1746019009.45432
2744,1746019009.46646
2745,1746019009.48057
2746,1746019009.49343
2747,1746019009.51838
2748,1746019009.5443
2749,1746019009.56451
2750,1746019009.58291
2751,1746019009.59885
2752,1746019009.61325
2753,1746019009.62603
2754,1746019009.63895
2755,1746019009.65203
2756,1746019009.66433
2757,1746019009.68028
2758,1746019009.6927
2759,1746019009.71462
2760,1746019009.7318
2761,1746019009.74769
2762,1746019009.76172
2763,1746019009.77976
2764,1746019009.80892
2765,1746019009.83134
2766,1746019009.85052
2767,1746019009.87412
2768,1746019009.90183
2769,1746019009.92862
2770,1746019009.95142
2771,1746019009.97031
2772,1746019009.98632
2773,1746019010.00058
2774,1746019010.01397
2775,1746019010.02637
2776,1746019010.03986
2777,1746019010.05249
2778,1746019010.06444
2779,1746019010.07727
2780,1746019010.08966
2781,1746019010.10228
2782,1746019010.11508
2783,1746019010.12807
2784,1746019010.1409
2785,1746019010.15388
2786,1746019010.16684
2787,1746019010.17969
2788,1746019010.19217
2789,1746019010.21439
2790,1746019010.22951
2791,1746019010.24982
2792,1746019010.26542
2793,1746019010.29086
2794,1746019010.31357
2795,1746019010.33123
2796,1746019010.34636
2797,1746019010.3595
2798,1746019010.37182
2799,1746019010.38443
2800,1746019010.39616
2801,1746019010.41555
2802,1746019010.44608
2803,1746019010.4687
2804,1746019010.488
2805,1746019010.50404
2806,1746019010.51789
2807,1746019010.53016
2808,1746019010.54227
2809,1746019010.56386
2810,1746019010.58374
2811,1746019010.60082
2812,1746019010.61571
2813,1746019010.62907
2814,1746019010.64129
2815,1746019010.65365
2816,1746019010.66631
2817,1746019010.67831
2818,1746019010.69027
2819,1746019010.71507
2820,1746019010.7527
2821,1746019010.77544
2822,1746019010.79398
2823,1746019010.80909
2824,1746019010.82767
2825,1746019010.84462
2826,1746019010.85756
2827,1746019010.87315
2828,1746019010.88625
2829,1746019010.89972
2830,1746019010.91254
2831,1746019010.92453
2832,1746019010.9402
2833,1746019010.95217
2834,1746019010.96455
2835,1746019010.98305
2836,1746019010.99787
2837,1746019011.01368
2838,1746019011.04397
2839,1746019011.06465
2840,1746019011.07747
2841,1746019011.09064
2842,1746019011.10292
2843,1746019011.11596
2844,1746019011.12821
2845,1746019011.15839
2846,1746019011.186
2847,1746019011.20734
2848,1746019011.22233
2849,1746019011.23884
2850,1746019011.251
2851,1746019011.26336
2852,1746019011.28186
2853,1746019011.29375
2854,1746019011.30689
2855,1746019011.32093
2856,1746019011.33353
2857,1746019011.34859
2858,1746019011.36107
2859,1746019011.38192
2860,1746019011.39669
2861,1746019011.41554
2862,1746019011.43017
2863,1746019011.44761
2864,1746019011.46232
2865,1746019011.48382
2866,1746019011.49761
2867,1746019011.5162
2868,1746019011.52705
2869,1746019011.54874
2870,1746019011.55964
2871,1746019011.58129
2872,1746019011.59202
2873,1746019011.61805
2874,1746019011.64009
2875,1746019011.65828
2876,1746019011.67844
2877,1746019011.70704
2878,1746019011.72939
2879,1746019011.74845
2880,1746019011.76553
2881,1746019011.78024
2882,1746019011.79279
2883,1746019011.80465
2884,1746019011.81649
2885,1746019011.82845
2886,1746019011.84132
2887,1746019011.85267
2888,1746019011.86434
2889,1746019011.8829
2890,1746019011.90178
2891,1746019011.9172
2892,1746019011.93054
2893,1746019011.94277
2894,1746019011.95458
2895,1746019011.98768
2896,1746019012.01807
2897,1746019012.04041
2898,1746019012.05874
2899,1746019012.07477
2900,1746019012.08933
2901,1746019012.10251
2902,1746019012.1149
2903,1746019012.12662
2904,1746019012.13876
2905,1746019012.15088
2906,1746019012.17421
2907,1746019012.1992
2908,1746019012.21943
2909,1746019012.23666
2910,1746019012.25172
2911,1746019012.26686
2912,1746019012.28068
2913,1746019012.29272
2914,1746019012.30454
2915,1746019012.31711
2916,1746019012.32882
2917,1746019012.34659
2918,1746019012.36306
2919,1746019012.38448
2920,1746019012.41014
2921,1746019012.43133
2922,1746019012.44837
2923,1746019012.46339
2924,1746019012.47781
2925,1746019012.49535
2926,1746019012.51401
2927,1746019012.53071
2928,1746019012.54599
2929,1746019012.57311
2930,1746019012.59617
2931,1746019012.621
2932,1746019012.63665
2933,1746019012.65081
2934,1746019012.66287
2935,1746019012.67507
2936,1746019012.68695
2937,1746019012.70017
2938,1746019012.71367
2939,1746019012.72593
2940,1746019012.73805
2941,1746019012.75131
2942,1746019012.76389
2943,1746019012.78295
2944,1746019012.79621
2945,1746019012.8159
2946,1746019012.83052
2947,1746019012.84959
2948,1746019012.86592
2949,1746019012.88402
2950,1746019012.89956
2951,1746019012.91759
2952,1746019012.94766
2953,1746019012.97133
2954,1746019012.98924
2955,1746019013.005
2956,1746019013.01884
2957,1746019013.03082
2958,1746019013.04307
2959,1746019013.06611
2960,1746019013.08975
2961,1746019013.11025
2962,1746019013.12679
2963,1746019013.14098
2964,1746019013.1538
2965,1746019013.16574
2966,1746019013.17757
2967,1746019013.18957
2968,1746019013.20356
2969,1746019013.2158
2970,1746019013.22757
2971,1746019013.23972
2972,1746019013.25232
2973,1746019013.28445
2974,1746019013.30294
2975,1746019013.32017
2976,1746019013.34741
2977,1746019013.36702
2978,1746019013.38384
2979,1746019013.39871
2980,1746019013.41212
2981,1746019013.42467
2982,1746019013.43907
2983,1746019013.45164
2984,1746019013.46319
2985,1746019013.48634
2986,1746019013.50032
2987,1746019013.51947
2988,1746019013.53677
2989,1746019013.55128
2990,1746019013.563
2991,1746019013.57808
2992,1746019013.59469
2993,1746019013.61669
2994,1746019013.63582
2995,1746019013.65506
2996,1746019013.67299
2997,1746019013.68644
2998,1746019013.69906
2999,1746019013.7184
3000,1746019013.74856
3001,1746019013.7708
3002,1746019013.78375
3003,1746019013.79555
3004,1746019013.81072
3005,1746019013.82245
3006,1746019013.83712
3007,1746019013.84965
3008,1746019013.86187
3009,1746019013.88526
3010,1746019013.92122
3011,1746019013.9458
3012,1746019013.96275
3013,1746019013.97824
3014,1746019013.99192
3015,1746019014.0043
3016,1746019014.01691
3017,1746019014.02924
3018,1746019014.04141
3019,1746019014.05424
3020,1746019014.08383
3021,1746019014.10785
3022,1746019014.12788
3023,1746019014.14534
3024,1746019014.16133
3025,1746019014.17635
3026,1746019014.18878
3027,1746019014.20111
3028,1746019014.2135
3029,1746019014.22568
3030,1746019014.23771
3031,1746019014.25208
3032,1746019014.26392
3033,1746019014.2818
3034,1746019014.29631
3035,1746019014.31897
3036,1746019014.33495
3037,1746019014.35179
3038,1746019014.36567
3039,1746019014.38587
3040,1746019014.40411
3041,1746019014.42257
3042,1746019014.43797
3043,1746019014.45203
3044,1746019014.46489
3045,1746019014.48713
3046,1746019014.50259
3047,1746019014.51962
3048,1746019014.53305
3049,1746019014.55158
3050,1746019014.57564
3051,1746019014.59442
3052,1746019014.61578
3053,1746019014.63018
3054,1746019014.64325
3055,1746019014.6555
3056,1746019014.66779
3057,1746019014.68549
3058,1746019014.71652
3059,1746019014.7386
3060,1746019014.75774
3061,1746019014.77415
3062,1746019014.78845
3063,1746019014.8026
3064,1746019014.81512
3065,1746019014.82776
3066,1746019014.83996
3067,1746019014.85427
3068,1746019014.8677
3069,1746019014.88535
3070,1746019014.90077
3071,1746019014.91535
3072,1746019014.92786
3073,1746019014.94583
3074,1746019014.97541
3075,1746019014.99741
3076,1746019015.01595
3077,1746019015.03136
3078,1746019015.04576
3079,1746019015.05857
3080,1746019015.07172
3081,1746019015.08873
3082,1746019015.10204
3083,1746019015.1219
3084,1746019015.15185
3085,1746019015.17298
3086,1746019015.19179
3087,1746019015.20794
3088,1746019015.22268
3089,1746019015.2379
3090,1746019015.25068
3091,1746019015.26268
3092,1746019015.27441
3093,1746019015.28638
3094,1746019015.29821
3095,1746019015.31683
3096,1746019015.3319
3097,1746019015.35717
3098,1746019015.37388
3099,1746019015.38904
3100,1746019015.40419
3101,1746019015.4177
3102,1746019015.42963
3103,1746019015.45337
3104,1746019015.46973
3105,1746019015.4861
3106,1746019015.51284
3107,1746019015.53339
3108,1746019015.56129
3109,1746019015.58405
3110,1746019015.60469
3111,1746019015.64254
3112,1746019015.67223
3113,1746019015.69302
3114,1746019015.71459
3115,1746019015.72852
3116,1746019015.74134
3117,1746019015.7539
3118,1746019015.76541
3119,1746019015.77752
3120,1746019015.78947
3121,1746019015.80123
3122,1746019015.81316
3123,1746019015.82555
3124,1746019015.83802
3125,1746019015.8506
3126,1746019015.86263
3127,1746019015.87484
3128,1746019015.88684
3129,1746019015.89881
3130,1746019015.91064
3131,1746019015.92265
3132,1746019015.9348
3133,1746019015.95154
3134,1746019015.98236
3135,1746019016.00392
3136,1746019016.02616
3137,1746019016.04514
3138,1746019016.06148
3139,1746019016.07579
3140,1746019016.08902
3141,1746019016.10146
3142,1746019016.11402
3143,1746019016.12604
3144,1746019016.13813
3145,1746019016.15461
3146,1746019016.16793
3147,1746019016.18801
3148,1746019016.20218
3149,1746019016.21974
3150,1746019016.24881
3151,1746019016.27016
3152,1746019016.28963
3153,1746019016.30678
3154,1746019016.32031
3155,1746019016.33271
3156,1746019016.34505
3157,1746019016.35679
3158,1746019016.36842
3159,1746019016.38649
3160,1746019016.40027
3161,1746019016.41858
3162,1746019016.44857
3163,1746019016.47421
3164,1746019016.49649
3165,1746019016.51598
3166,1746019016.53263
3167,1746019016.54672
3168,1746019016.56055
3169,1746019016.57349
3170,1746019016.58608
3171,1746019016.59816
3172,1746019016.61104
3173,1746019016.62383
3174,1746019016.63665
3175,1746019016.64952
3176,1746019016.66132
3177,1746019016.68668
3178,1746019016.70352
3179,1746019016.72149
3180,1746019016.73674
3181,1746019016.75376
3182,1746019016.78226
3183,1746019016.80339
3184,1746019016.82178
3185,1746019016.83798
3186,1746019016.85237
3187,1746019016.86543
3188,1746019016.87866
3189,1746019016.8909
3190,1746019016.90299
3191,1746019016.91554
3192,1746019016.92734
3193,1746019016.94402
3194,1746019016.958
3195,1746019016.97697
3196,1746019017.00717
3197,1746019017.02954
3198,1746019017.04783
3199,1746019017.06433
3200,1746019017.07855
3201,1746019017.09236
3202,1746019017.10519
3203,1746019017.14261
3204,1746019017.17123
3205,1746019017.1966
3206,1746019017.21694
3207,1746019017.23393
3208,1746019017.24915
3209,1746019017.26226
3210,1746019017.27466
3211,1746019017.28708
3212,1746019017.29919
3213,1746019017.31058
3214,1746019017.32519
3215,1746019017.33915
3216,1746019017.35131
3217,1746019017.36366
3218,1746019017.37565
3219,1746019017.38811
3220,1746019017.4003
3221,1746019017.42264
3222,1746019017.44133
3223,1746019017.45733
3224,1746019017.47028
3225,1746019017.48482
3226,1746019017.51091
3227,1746019017.5311
3228,1746019017.54875
3229,1746019017.5639
3230,1746019017.57745
3231,1746019017.59107
3232,1746019017.61572
3233,1746019017.64006
3234,1746019017.66569
3235,1746019017.68662
3236,1746019017.70432
3237,1746019017.72008
3238,1746019017.7336
3239,1746019017.74625
3240,1746019017.75853
3241,1746019017.77074
3242,1746019017.78286
3243,1746019017.79452
3244,1746019017.80901
3245,1746019017.82136
3246,1746019017.83334
3247,1746019017.85579
3248,1746019017.87138
3249,1746019017.88945
3250,1746019017.90487
3251,1746019017.92275
3252,1746019017.95195
3253,1746019017.97805
3254,1746019017.99854
3255,1746019018.01643
3256,1746019018.03202
3257,1746019018.05489
3258,1746019018.074
3259,1746019018.09682
3260,1746019018.12285
3261,1746019018.14287
3262,1746019018.15759
3263,1746019018.16954
3264,1746019018.18214
3265,1746019018.19404
3266,1746019018.20604
3267,1746019018.21828
3268,1746019018.2304
3269,1746019018.24313
3270,1746019018.25536
3271,1746019018.27185
3272,1746019018.28792
3273,1746019018.3041
3274,1746019018.32047
3275,1746019018.33367
3276,1746019018.34577
3277,1746019018.35793
3278,1746019018.37074
3279,1746019018.38918
3280,1746019018.40649
3281,1746019018.43549
3282,1746019018.45757
3283,1746019018.47597
3284,1746019018.49164
3285,1746019018.50675
3286,1746019018.51981
3287,1746019018.53225
3288,1746019018.54483
3289,1746019018.55729
3290,1746019018.56988
3291,1746019018.58691
3292,1746019018.60162
3293,1746019018.6238
3294,1746019018.63912
3295,1746019018.65411
3296,1746019018.66737
3297,1746019018.68971
3298,1746019018.70618
3299,1746019018.72374
3300,1746019018.73802
3301,1746019018.75201
3302,1746019018.76425
3303,1746019018.78001
3304,1746019018.79199
3305,1746019018.81959
3306,1746019018.83257
3307,1746019018.85198
3308,1746019018.88209
3309,1746019018.90416
3310,1746019018.92258
3311,1746019018.93936
3312,1746019018.95526
3313,1746019018.96746
3314,1746019018.98275
3315,1746019018.9949
3316,1746019019.00939
3317,1746019019.02424
3318,1746019019.05403
3319,1746019019.07624
3320,1746019019.09525
3321,1746019019.11177
3322,1746019019.12633
3323,1746019019.13855
3324,1746019019.15189
3325,1746019019.16537
3326,1746019019.17726
3327,1746019019.19185
3328,1746019019.22283
3329,1746019019.24494
3330,1746019019.26337
3331,1746019019.28006
3332,1746019019.29448
3333,1746019019.3081
3334,1746019019.3205
3335,1746019019.33251
3336,1746019019.34462
3337,1746019019.35824
3338,1746019019.38541
3339,1746019019.40497
3340,1746019019.42121
3341,1746019019.43594
3342,1746019019.44898
3343,1746019019.46451
3344,1746019019.47678
3345,1746019019.49219
3346,1746019019.5039
3347,1746019019.52303
3348,1746019019.55448
3349,1746019019.57713
3350,1746019019.59565
3351,1746019019.61222
3352,1746019019.62577
3353,1746019019.63792
3354,1746019019.65012
3355,1746019019.66207
3356,1746019019.67388
3357,1746019019.6892
3358,1746019019.70097
3359,1746019019.72361
3360,1746019019.73885
3361,1746019019.75598
3362,1746019019.76902
3363,1746019019.78854
3364,1746019019.8137
3365,1746019019.83371
3366,1746019019.85641
3367,1746019019.87216
3368,1746019019.88766
3369,1746019019.89972
3370,1746019019.91184
3371,1746019019.94642
3372,1746019019.96753
3373,1746019019.98614
3374,1746019020.00192
3375,1746019020.01653
3376,1746019020.02884
3377,1746019020.04053
3378,1746019020.05293
3379,1746019020.06442
3380,1746019020.07626
3381,1746019020.08824
3382,1746019020.1007
3383,1746019020.12457
3384,1746019020.1411
3385,1746019020.16015
3386,1746019020.18133
3387,1746019020.20785
3388,1746019020.2296
3389,1746019020.24783
3390,1746019020.26328
3391,1746019020.27719
3392,1746019020.28978
3393,1746019020.3018
3394,1746019020.31686
3395,1746019020.3292
3396,1746019020.34314
3397,1746019020.35581
3398,1746019020.36793
3399,1746019020.38649
3400,1746019020.40636
3401,1746019020.42325
3402,1746019020.43771
3403,1746019020.45829
3404,1746019020.48578
3405,1746019020.51382
3406,1746019020.53109
3407,1746019020.54288
3408,1746019020.55516
3409,1746019020.56718
3410,1746019020.58057
3411,1746019020.59362
3412,1746019020.60574
3413,1746019020.6255
3414,1746019020.65832
3415,1746019020.67869
3416,1746019020.69654
3417,1746019020.7218
3418,1746019020.74192
3419,1746019020.75844
3420,1746019020.77376
3421,1746019020.78743
3422,1746019020.79979
3423,1746019020.81515
3424,1746019020.82716
3425,1746019020.83933
3426,1746019020.85151
3427,1746019020.86639
3428,1746019020.88905
3429,1746019020.90409
3430,1746019020.9183
3431,1746019020.93056
3432,1746019020.94268
3433,1746019020.95863
3434,1746019020.97106
3435,1746019020.99333
3436,1746019021.00892
3437,1746019021.02449
3438,1746019021.05459
3439,1746019021.07677
3440,1746019021.09565
3441,1746019021.1112
3442,1746019021.1253
3443,1746019021.13789
3444,1746019021.152
3445,1746019021.16654
3446,1746019021.17865
3447,1746019021.19057
3448,1746019021.20213
3449,1746019021.2178
3450,1746019021.23148
3451,1746019021.24665
3452,1746019021.25866
3453,1746019021.27681
3454,1746019021.30048
3455,1746019021.3229
3456,1746019021.34498
3457,1746019021.36223
3458,1746019021.37981
3459,1746019021.41049
3460,1746019021.43313
3461,1746019021.45084
3462,1746019021.46629
3463,1746019021.47977
3464,1746019021.49265
3465,1746019021.50515
3466,1746019021.51748
3467,1746019021.52973
3468,1746019021.54181
3469,1746019021.55954
3470,1746019021.57447
3471,1746019021.58785
3472,1746019021.60009
3473,1746019021.62553
3474,1746019021.63719
3475,1746019021.65576
3476,1746019021.68317
3477,1746019021.70463
3478,1746019021.72277
3479,1746019021.7376
3480,1746019021.75135
3481,1746019021.76314
3482,1746019021.77425
3483,1746019021.79228
3484,1746019021.80912
3485,1746019021.82986
3486,1746019021.84803
3487,1746019021.8639
3488,1746019021.87865
3489,1746019021.8976
3490,1746019021.91215
3491,1746019021.92682
3492,1746019021.95008
3493,1746019021.96814
3494,1746019021.98384
3495,1746019021.99827
3496,1746019022.01085
3497,1746019022.0268
3498,1746019022.05578
3499,1746019022.077
3500,1746019022.09592
3501,1746019022.11225
3502,1746019022.12679
3503,1746019022.1397
3504,1746019022.15179
3505,1746019022.16568
3506,1746019022.17744
3507,1746019022.19687
3508,1746019022.22793
3509,1746019022.25107
3510,1746019022.26945
3511,1746019022.28584
3512,1746019022.30095
3513,1746019022.31428
3514,1746019022.3266
3515,1746019022.33863
3516,1746019022.35089
3517,1746019022.36323
3518,1746019022.37534
3519,1746019022.39516
3520,1746019022.41033
3521,1746019022.42818
3522,1746019022.443
3523,1746019022.45958
3524,1746019022.48904
3525,1746019022.51085
3526,1746019022.53014
3527,1746019022.54542
3528,1746019022.55953
3529,1746019022.58382
3530,1746019022.60485
3531,1746019022.62381
3532,1746019022.64109
3533,1746019022.65711
3534,1746019022.66906
3535,1746019022.68493
3536,1746019022.697
3537,1746019022.7106
3538,1746019022.72328
3539,1746019022.73577
3540,1746019022.75135
3541,1746019022.76491
3542,1746019022.77859
3543,1746019022.79361
3544,1746019022.80639
3545,1746019022.8187
3546,1746019022.8315
3547,1746019022.84982
3548,1746019022.86366
3549,1746019022.89374
3550,1746019022.92188
3551,1746019022.94246
3552,1746019022.96246
3553,1746019022.97839
3554,1746019022.992
3555,1746019023.00434
3556,1746019023.01615
3557,1746019023.0304
3558,1746019023.04498
3559,1746019023.0635
3560,1746019023.07723
3561,1746019023.09551
3562,1746019023.11107
3563,1746019023.12816
3564,1746019023.14985
3565,1746019023.17192
3566,1746019023.19061
3567,1746019023.20672
3568,1746019023.22139
3569,1746019023.23414
3570,1746019023.24603
3571,1746019023.2612
3572,1746019023.29057
3573,1746019023.31357
3574,1746019023.3324
3575,1746019023.34836
3576,1746019023.36287
3577,1746019023.37536
3578,1746019023.38743
3579,1746019023.39929
3580,1746019023.4109
3581,1746019023.42538
3582,1746019023.43833
3583,1746019023.45309
3584,1746019023.46511
3585,1746019023.48442
3586,1746019023.49689
3587,1746019023.51712
3588,1746019023.52961
3589,1746019023.56208
3590,1746019023.591
3591,1746019023.61238
3592,1746019023.63061
3593,1746019023.64762
3594,1746019023.66228
3595,1746019023.67465
3596,1746019023.68753
3597,1746019023.6999
3598,1746019023.71169
3599,1746019023.73358
3600,1746019023.74924
3601,1746019023.76327
3602,1746019023.77597
3603,1746019023.79481
3604,1746019023.82394
3605,1746019023.84614
3606,1746019023.86529
3607,1746019023.88161
3608,1746019023.89542
3609,1746019023.90845
3610,1746019023.92268
3611,1746019023.93462
3612,1746019023.95037
3613,1746019023.96287
3614,1746019023.97522
3615,1746019023.99035
3616,1746019024.00466
3617,1746019024.02939
3618,1746019024.04409
3619,1746019024.06261
3620,1746019024.07727
3621,1746019024.09532
3622,1746019024.11277
3623,1746019024.13113
3624,1746019024.14679
3625,1746019024.16254
3626,1746019024.18314
3627,1746019024.20149
3628,1746019024.234
3629,1746019024.25731
3630,1746019024.28293
3631,1746019024.30424
3632,1746019024.32238
3633,1746019024.3375
3634,1746019024.35112
3635,1746019024.36366
3636,1746019024.37549
3637,1746019024.39784
3638,1746019024.41003
3639,1746019024.4223
3640,1746019024.43691
3641,1746019024.44906
3642,1746019024.46172
3643,1746019024.4744
3644,1746019024.48661
3645,1746019024.49894
3646,1746019024.51092
3647,1746019024.53126
3648,1746019024.54632
3649,1746019024.56282
3650,1746019024.59144
3651,1746019024.6166
3652,1746019024.63053
3653,1746019024.64242
3654,1746019024.65428
3655,1746019024.66757
3656,1746019024.67968
3657,1746019024.69308
3658,1746019024.70531
3659,1746019024.72609
3660,1746019024.75208
3661,1746019024.76431
3662,1746019024.77611
3663,1746019024.79613
3664,1746019024.82714
3665,1746019024.85566
3666,1746019024.87719
3667,1746019024.89522
3668,1746019024.91138
3669,1746019024.927
3670,1746019024.93975
3671,1746019024.95341
3672,1746019024.96575
3673,1746019024.97788
3674,1746019025.00686
3675,1746019025.02742
3676,1746019025.04468
3677,1746019025.05925
3678,1746019025.07239
3679,1746019025.08498
3680,1746019025.09692
3681,1746019025.10891
3682,1746019025.12131
3683,1746019025.15271
3684,1746019025.17333
3685,1746019025.1909
3686,1746019025.20581
3687,1746019025.21946
3688,1746019025.23172
3689,1746019025.24355
3690,1746019025.25564
3691,1746019025.26773
3692,1746019025.27961
3693,1746019025.29797
3694,1746019025.33477
3695,1746019025.36139
3696,1746019025.37816
3697,1746019025.39367
3698,1746019025.40753
3699,1746019025.42029
3700,1746019025.43267
3701,1746019025.44526
3702,1746019025.45894
3703,1746019025.47088
3704,1746019025.48314
3705,1746019025.49741
3706,1746019025.52824
3707,1746019025.55258
3708,1746019025.57102
3709,1746019025.58697
3710,1746019025.6008
3711,1746019025.61405
3712,1746019025.62674
3713,1746019025.63915
3714,1746019025.6514
3715,1746019025.66374
3716,1746019025.67569
3717,1746019025.6974
3718,1746019025.71094
3719,1746019025.72483
3720,1746019025.75906
3721,1746019025.78125
3722,1746019025.80051
3723,1746019025.81625
3724,1746019025.8326
3725,1746019025.84478
3726,1746019025.85717
3727,1746019025.8693
3728,1746019025.88092
3729,1746019025.89497
3730,1746019025.92459
3731,1746019025.94649
3732,1746019025.96787
3733,1746019025.98313
3734,1746019025.99681
3735,1746019026.01087
3736,1746019026.02281
3737,1746019026.03495
3738,1746019026.04724
3739,1746019026.05924
3740,1746019026.07123
3741,1746019026.09623
3742,1746019026.11281
3743,1746019026.12855
3744,1746019026.1464
3745,1746019026.16687
3746,1746019026.18365
3747,1746019026.19857
3748,1746019026.21191
3749,1746019026.23281
3750,1746019026.26291
3751,1746019026.28515
3752,1746019026.30402
3753,1746019026.32037
3754,1746019026.33421
3755,1746019026.34674
3756,1746019026.35875
3757,1746019026.37094
3758,1746019026.38303
3759,1746019026.39812
3760,1746019026.4109
3761,1746019026.43138
3762,1746019026.44675
3763,1746019026.4636
3764,1746019026.48547
3765,1746019026.50452
3766,1746019026.52077
3767,1746019026.54849
3768,1746019026.5695
3769,1746019026.58755
3770,1746019026.603
3771,1746019026.61705
3772,1746019026.62966
3773,1746019026.6416
3774,1746019026.65338
3775,1746019026.6653
3776,1746019026.67678
3777,1746019026.6996
3778,1746019026.71257
3779,1746019026.73166
3780,1746019026.76188
3781,1746019026.7837
3782,1746019026.80174
3783,1746019026.81753
3784,1746019026.83224
3785,1746019026.84543
3786,1746019026.85807
3787,1746019026.87095
3788,1746019026.88347
3789,1746019026.9133
3790,1746019026.93663
3791,1746019026.95634
3792,1746019026.97254
3793,1746019026.98612
3794,1746019026.9993
3795,1746019027.01174
3796,1746019027.02386
3797,1746019027.03614
3798,1746019027.05812
3799,1746019027.07673
3800,1746019027.09341
3801,1746019027.10761
3802,1746019027.12059
3803,1746019027.13319
3804,1746019027.14473
3805,1746019027.16517
3806,1746019027.18121
3807,1746019027.19831
3808,1746019027.22809
3809,1746019027.24981
3810,1746019027.26885
3811,1746019027.28525
3812,1746019027.29976
3813,1746019027.31249
3814,1746019027.32474
3815,1746019027.33707
3816,1746019027.35009
3817,1746019027.36567
3818,1746019027.37929
3819,1746019027.39843
3820,1746019027.42234
3821,1746019027.44253
3822,1746019027.46443
3823,1746019027.47959
3824,1746019027.49476
3825,1746019027.50683
3826,1746019027.51931
3827,1746019027.53185
3828,1746019027.54394
3829,1746019027.56713
3830,1746019027.58465
3831,1746019027.60049
3832,1746019027.61474
3833,1746019027.63251
3834,1746019027.64705
3835,1746019027.6611
3836,1746019027.67303
3837,1746019027.70003
3838,1746019027.72107
3839,1746019027.74123
3840,1746019027.75635
3841,1746019027.76991
3842,1746019027.782
3843,1746019027.80059
3844,1746019027.81616
3845,1746019027.83287
3846,1746019027.86408
3847,1746019027.89388
3848,1746019027.91734
3849,1746019027.93777
3850,1746019027.9574
3851,1746019027.97077
3852,1746019027.98525
3853,1746019027.99745
3854,1746019028.00893
3855,1746019028.02435
3856,1746019028.03591
3857,1746019028.04742
3858,1746019028.05921
3859,1746019028.07097
3860,1746019028.10236
3861,1746019028.12519
3862,1746019028.14304
3863,1746019028.15883
3864,1746019028.17271
3865,1746019028.18513
3866,1746019028.19728
3867,1746019028.21177
3868,1746019028.22632
3869,1746019028.23987
3870,1746019028.25266
3871,1746019028.26414
3872,1746019028.27633
3873,1746019028.2882
3874,1746019028.30009
3875,1746019028.32947
3876,1746019028.34962
3877,1746019028.36872
3878,1746019028.38575
3879,1746019028.40343
3880,1746019028.4165
3881,1746019028.43888
3882,1746019028.45431
3883,1746019028.46918
3884,1746019028.48682
3885,1746019028.50289
3886,1746019028.51644
3887,1746019028.5333
3888,1746019028.54589
3889,1746019028.56369
3890,1746019028.59307
3891,1746019028.61528
3892,1746019028.63443
3893,1746019028.64931
3894,1746019028.66978
3895,1746019028.69425
3896,1746019028.71316
3897,1746019028.73
3898,1746019028.74494
3899,1746019028.7583
3900,1746019028.77061
3901,1746019028.78283
3902,1746019028.79521
3903,1746019028.8072
3904,1746019028.81905
3905,1746019028.83421
3906,1746019028.84728
3907,1746019028.86708
3908,1746019028.89367
3909,1746019028.91433
3910,1746019028.9315
3911,1746019028.95159
3912,1746019028.96914
3913,1746019028.98594
3914,1746019029.00306
3915,1746019029.03104
3916,1746019029.05628
3917,1746019029.07591
3918,1746019029.09751
3919,1746019029.11514
3920,1746019029.12826
3921,1746019029.14094
3922,1746019029.15339
3923,1746019029.16554
3924,1746019029.17759
3925,1746019029.19329
3926,1746019029.205
3927,1746019029.21861
3928,1746019029.2316
3929,1746019029.2433
3930,1746019029.25491
3931,1746019029.26687
3932,1746019029.27904
3933,1746019029.29609
3934,1746019029.30918
3935,1746019029.32774
3936,1746019029.34031
3937,1746019029.36715
3938,1746019029.38628
3939,1746019029.40419
3940,1746019029.41921
3941,1746019029.43604
3942,1746019029.45692
3943,1746019029.47488
3944,1746019029.49045
3945,1746019029.50435
3946,1746019029.52188
3947,1746019029.54241
3948,1746019029.56016
3949,1746019029.57555
3950,1746019029.58911
3951,1746019029.60187
3952,1746019029.61341
3953,1746019029.63511
3954,1746019029.65391
3955,1746019029.66835
3956,1746019029.68109
3957,1746019029.69855
3958,1746019029.71064
3959,1746019029.73269
3960,1746019029.7483
3961,1746019029.77384
3962,1746019029.80157
3963,1746019029.82998
3964,1746019029.85077
3965,1746019029.87129
3966,1746019029.886
3967,1746019029.89959
3968,1746019029.91402
3969,1746019029.92766
3970,1746019029.94097
3971,1746019029.95248
3972,1746019029.9648
3973,1746019029.97677
3974,1746019029.99249
3975,1746019030.00476
3976,1746019030.01735
3977,1746019030.04119
3978,1746019030.06506
3979,1746019030.08117
3980,1746019030.0975
3981,1746019030.10947
3982,1746019030.12506
3983,1746019030.13705
3984,1746019030.14951
3985,1746019030.16184
3986,1746019030.17395
3987,1746019030.1899
3988,1746019030.2025
3989,1746019030.22418
3990,1746019030.23999
3991,1746019030.26016
3992,1746019030.28671
3993,1746019030.30809
3994,1746019030.32635
3995,1746019030.34356
3996,1746019030.3573
3997,1746019030.3702
3998,1746019030.38279
3999,1746019030.40105
4000,1746019030.43092
4001,1746019030.45289
4002,1746019030.47038
4003,1746019030.48576
4004,1746019030.49983
4005,1746019030.51404
4006,1746019030.52622
4007,1746019030.53827
4008,1746019030.54983
4009,1746019030.56202
4010,1746019030.57393
4011,1746019030.59384
4012,1746019030.62445
4013,1746019030.64977
4014,1746019030.67378
4015,1746019030.69419
4016,1746019030.71193
4017,1746019030.72663
4018,1746019030.74079
4019,1746019030.75369
4020,1746019030.76668
4021,1746019030.77865
4022,1746019030.79082
4023,1746019030.80424
4024,1746019030.81641
4025,1746019030.83599
4026,1746019030.85612
4027,1746019030.87
4028,1746019030.88719
4029,1746019030.90568
4030,1746019030.92182
4031,1746019030.9353
4032,1746019030.9504
4033,1746019030.96585
4034,1746019030.99603
4035,1746019031.0182
4036,1746019031.03626
4037,1746019031.05196
4038,1746019031.06676
4039,1746019031.07905
4040,1746019031.09184
4041,1746019031.10439
4042,1746019031.11648
4043,1746019031.14641
4044,1746019031.16919
4045,1746019031.1874
4046,1746019031.20308
4047,1746019031.2165
4048,1746019031.22886
4049,1746019031.24072
4050,1746019031.25286
4051,1746019031.26827
4052,1746019031.282
4053,1746019031.29619
4054,1746019031.30823
4055,1746019031.3206
4056,1746019031.33225
4057,1746019031.36596
4058,1746019031.3815
4059,1746019031.40272
4060,1746019031.41939
4061,1746019031.4341
4062,1746019031.4474
4063,1746019031.47104
4064,1746019031.49121
4065,1746019031.50473
4066,1746019031.51632
4067,1746019031.52843
4068,1746019031.54024
4069,1746019031.56797
4070,1746019031.58898
4071,1746019031.60659
4072,1746019031.62212
4073,1746019031.63594
4074,1746019031.64836
4075,1746019031.66055
4076,1746019031.67296
4077,1746019031.69023
4078,1746019031.70429
4079,1746019031.73575
4080,1746019031.75405
4081,1746019031.77084
4082,1746019031.78487
4083,1746019031.80415
4084,1746019031.83302
4085,1746019031.85423
4086,1746019031.87282
4087,1746019031.88862
4088,1746019031.90208
4089,1746019031.91479
4090,1746019031.92709
4091,1746019031.93905
4092,1746019031.95315
4093,1746019031.96535
4094,1746019031.97715
4095,1746019031.99228
4096,1746019032.00395
4097,1746019032.03642
4098,1746019032.06299
4099,1746019032.08382
4100,1746019032.11598
4101,1746019032.14614
4102,1746019032.16923
4103,1746019032.19194
4104,1746019032.22009
4105,1746019032.24353
4106,1746019032.26295
4107,1746019032.2795
4108,1746019032.29401
4109,1746019032.30699
4110,1746019032.3194
4111,1746019032.33238
4112,1746019032.34403
4113,1746019032.35619
4114,1746019032.36857
4115,1746019032.38034
4116,1746019032.3923
4117,1746019032.40429
4118,1746019032.41684
4119,1746019032.43201
4120,1746019032.44381
4121,1746019032.45593
4122,1746019032.4684
4123,1746019032.48036
4124,1746019032.49372
4125,1746019032.50596
4126,1746019032.5185
4127,1746019032.54032
4128,1746019032.57291
4129,1746019032.59551
4130,1746019032.61393
4131,1746019032.63343
4132,1746019032.64688
4133,1746019032.6596
4134,1746019032.69027
4135,1746019032.71246
4136,1746019032.73107
4137,1746019032.74724
4138,1746019032.76132
4139,1746019032.77435
4140,1746019032.78802
4141,1746019032.8007
4142,1746019032.81251
4143,1746019032.84283
4144,1746019032.86342
4145,1746019032.87512
4146,1746019032.88835
4147,1746019032.9012
4148,1746019032.91351
4149,1746019032.92546
4150,1746019032.93768
4151,1746019032.94959
4152,1746019032.96061
4153,1746019032.97508
4154,1746019032.99421
4155,1746019033.01109
4156,1746019033.02255
4157,1746019033.03931
4158,1746019033.05067
4159,1746019033.07546
4160,1746019033.10646
4161,1746019033.12773
4162,1746019033.14726
4163,1746019033.16365
4164,1746019033.17864
4165,1746019033.1923
4166,1746019033.20582
4167,1746019033.21776
4168,1746019033.22995
4169,1746019033.24229
4170,1746019033.25428
4171,1746019033.26613
4172,1746019033.27865
4173,1746019033.30396
4174,1746019033.32531
4175,1746019033.34341
4176,1746019033.36051
4177,1746019033.37453
4178,1746019033.38716
4179,1746019033.40478
4180,1746019033.43196
4181,1746019033.45929
4182,1746019033.48155
4183,1746019033.50424
4184,1746019033.52105
4185,1746019033.53669
4186,1746019033.54906
4187,1746019033.56281
4188,1746019033.57444
4189,1746019033.58905
4190,1746019033.60493
4191,1746019033.62117
4192,1746019033.63723
4193,1746019033.65299
4194,1746019033.66522
4195,1746019033.67742
4196,1746019033.68914
4197,1746019033.70542
4198,1746019033.71992
4199,1746019033.73939
4200,1746019033.77065
4201,1746019033.78871
4202,1746019033.8058
4203,1746019033.81771
4204,1746019033.82992
4205,1746019033.84222
4206,1746019033.85535
4207,1746019033.87172
4208,1746019033.88376
4209,1746019033.90119
4210,1746019033.91817
4211,1746019033.93997
4212,1746019033.95193
4213,1746019033.97326
4214,1746019034.00252
4215,1746019034.01797
4216,1746019034.03235
4217,1746019034.04509
4218,1746019034.05741
4219,1746019034.07231
4220,1746019034.09259
4221,1746019034.11103
4222,1746019034.13767
4223,1746019034.15779
4224,1746019034.17469
4225,1746019034.18995
4226,1746019034.20446
4227,1746019034.21716
4228,1746019034.22984
4229,1746019034.24396
4230,1746019034.25639
4231,1746019034.27896
4232,1746019034.29915
4233,1746019034.31595
4234,1746019034.33071
4235,1746019034.34371
4236,1746019034.3561
4237,1746019034.37145
4238,1746019034.3844
4239,1746019034.40725
4240,1746019034.43176
4241,1746019034.45128
4242,1746019034.46818
4243,1746019034.48253
4244,1746019034.49535
4245,1746019034.50765
4246,1746019034.51976
4247,1746019034.5407
4248,1746019034.55528
4249,1746019034.57201
4250,1746019034.58437
4251,1746019034.60828
4252,1746019034.63098
4253,1746019034.65583
4254,1746019034.68087
4255,1746019034.70088
4256,1746019034.7186
4257,1746019034.73449
4258,1746019034.74862
4259,1746019034.76106
4260,1746019034.7731
4261,1746019034.78695
4262,1746019034.80024
4263,1746019034.8122
4264,1746019034.82409
4265,1746019034.84109
4266,1746019034.8766
4267,1746019034.90254
4268,1746019034.92413
4269,1746019034.94262
4270,1746019034.95735
4271,1746019034.97051
4272,1746019034.98336
4273,1746019034.99523
4274,1746019035.00733
4275,1746019035.01915
4276,1746019035.03123
4277,1746019035.04297
4278,1746019035.05462
4279,1746019035.07113
4280,1746019035.10107
4281,1746019035.12312
4282,1746019035.14092
4283,1746019035.15727
4284,1746019035.17212
4285,1746019035.1851
4286,1746019035.19874
4287,1746019035.21094
4288,1746019035.22338
4289,1746019035.24128
4290,1746019035.25429
4291,1746019035.27295
4292,1746019035.28741
4293,1746019035.30713
4294,1746019035.32635
4295,1746019035.34322
4296,1746019035.35762
4297,1746019035.37278
4298,1746019035.40517
4299,1746019035.42755
4300,1746019035.44643
4301,1746019035.46337
4302,1746019035.4778
4303,1746019035.49047
4304,1746019035.50303
4305,1746019035.51524
4306,1746019035.52895
4307,1746019035.54125
4308,1746019035.55544
4309,1746019035.57379
4310,1746019035.58881
4311,1746019035.608
4312,1746019035.64069
4313,1746019035.66323
4314,1746019035.68152
4315,1746019035.69856
4316,1746019035.71421
4317,1746019035.72823
4318,1746019035.74092
4319,1746019035.75305
4320,1746019035.76551
4321,1746019035.77743
4322,1746019035.78942
4323,1746019035.80907
4324,1746019035.83389
4325,1746019035.84902
4326,1746019035.86095
4327,1746019035.8766
4328,1746019035.90543
4329,1746019035.92719
4330,1746019035.94588
4331,1746019035.96131
4332,1746019035.97508
4333,1746019035.98832
4334,1746019036.00231
4335,1746019036.01398
4336,1746019036.02763
4337,1746019036.03927
4338,1746019036.05103
4339,1746019036.08116
4340,1746019036.10116
4341,1746019036.11781
4342,1746019036.13277
4343,1746019036.14548
4344,1746019036.15744
4345,1746019036.17508
4346,1746019036.19792
4347,1746019036.21644
4348,1746019036.24495
4349,1746019036.26947
4350,1746019036.28878
4351,1746019036.30581
4352,1746019036.32063
4353,1746019036.3345
4354,1746019036.3471
4355,1746019036.36154
4356,1746019036.37492
4357,1746019036.38729
4358,1746019036.39977
4359,1746019036.42828
4360,1746019036.45022
4361,1746019036.46961
4362,1746019036.4856
4363,1746019036.49965
4364,1746019036.51223
4365,1746019036.52448
4366,1746019036.53636
4367,1746019036.54881
4368,1746019036.56124
4369,1746019036.59043
4370,1746019036.61295
4371,1746019036.6328
4372,1746019036.64903
4373,1746019036.66408
4374,1746019036.67702
4375,1746019036.68937
4376,1746019036.70216
4377,1746019036.71482
4378,1746019036.72711
4379,1746019036.75697
4380,1746019036.77891
4381,1746019036.7978
4382,1746019036.81379
4383,1746019036.82792
4384,1746019036.84023
4385,1746019036.85208
4386,1746019036.86466
4387,1746019036.87675
4388,1746019036.88965
4389,1746019036.90535
4390,1746019036.9198
4391,1746019036.94496
4392,1746019036.96067
4393,1746019036.9783
4394,1746019036.99379
4395,1746019037.00885
4396,1746019037.02109
4397,1746019037.03939
4398,1746019037.05515
4399,1746019037.06986
4400,1746019037.083
4401,1746019037.09965
4402,1746019037.11223
4403,1746019037.14258
4404,1746019037.15683
4405,1746019037.17749
4406,1746019037.19068
4407,1746019037.20532
4408,1746019037.21771
4409,1746019037.23008
4410,1746019037.24156
4411,1746019037.27479
4412,1746019037.29633
4413,1746019037.31469
4414,1746019037.33142
4415,1746019037.34566
4416,1746019037.35872
4417,1746019037.37329
4418,1746019037.40007
4419,1746019037.42069
4420,1746019037.43852
4421,1746019037.45451
4422,1746019037.4685
4423,1746019037.48086
4424,1746019037.49305
4425,1746019037.51087
4426,1746019037.54232
4427,1746019037.56421
4428,1746019037.58152
4429,1746019037.5985
4430,1746019037.61312
4431,1746019037.62606
4432,1746019037.63842
4433,1746019037.65049
4434,1746019037.66229
4435,1746019037.67545
4436,1746019037.68718
4437,1746019037.71022
4438,1746019037.74315
4439,1746019037.76702
4440,1746019037.7798
4441,1746019037.79275
4442,1746019037.80528
4443,1746019037.8186
4444,1746019037.84031
4445,1746019037.85742
4446,1746019037.87302
4447,1746019037.88634
4448,1746019037.89825
4449,1746019037.9105
4450,1746019037.92215
4451,1746019037.93835
4452,1746019037.95065
4453,1746019037.97565
4454,1746019037.99156
4455,1746019038.00861
4456,1746019038.02229
4457,1746019038.04759
4458,1746019038.05971
4459,1746019038.07632
4460,1746019038.1058
4461,1746019038.12642
4462,1746019038.14402
4463,1746019038.16009
4464,1746019038.1741
4465,1746019038.18675
4466,1746019038.19872
4467,1746019038.2119
4468,1746019038.22535
4469,1746019038.24276
4470,1746019038.26689
4471,1746019038.28366
4472,1746019038.29817
4473,1746019038.31084
4474,1746019038.32231
4475,1746019038.33984
4476,1746019038.36086
4477,1746019038.37803
4478,1746019038.39323
4479,1746019038.41061
4480,1746019038.42459
4481,1746019038.4426
4482,1746019038.47036
4483,1746019038.48824
4484,1746019038.50495
4485,1746019038.51914
4486,1746019038.53157
4487,1746019038.54526
4488,1746019038.57594
4489,1746019038.59837
4490,1746019038.61516
4491,1746019038.62901
4492,1746019038.64275
4493,1746019038.65494
4494,1746019038.66729
4495,1746019038.67968
4496,1746019038.69158
4497,1746019038.71129
4498,1746019038.74341
4499,1746019038.76555
4500,1746019038.79338
4501,1746019038.81459
4502,1746019038.83243
4503,1746019038.84802
4504,1746019038.86217
4505,1746019038.87505
4506,1746019038.8871
4507,1746019038.89953
4508,1746019038.91158
4509,1746019038.92396
4510,1746019038.93627
4511,1746019038.94896
4512,1746019038.96044
4513,1746019038.97837
