Subject_Trial,completion_time,PSM1_average_speed_magnitude,PSM2_average_speed_magnitude,PSM1_average_acceleration_magnitude,PSM2_average_acceleration_magnitude,PSM1_average_jerk_magnitude,PSM2_average_jerk_magnitude,ATIForceSensor_average_force_magnitude,PSM1_total_path_length,PSM2_total_path_length,PSM1_average_angular_speed_magnitude,PSM2_average_angular_speed_magnitude,PSM1_PSM2_speed_correlation,PSM1_PSM2_speed_cross,PSM1_PSM2_acceleration_cross,PSM1_PSM2_jerk_cross,PSM1_PSM2_acceleration_dispertion,PSM1_PSM2_jerk_dispertion
S05_0,216.35168600082397,0.009826979884488286,0.009889152546797092,7.975837664728018,7.078980994224618,9.878763555595655e-12,3.984309960235451e-12,1.8127513820632692,2.1050890779548728,2.078056938138889,0.49681095310478407,0.3946391580920938,0.0519855477797705,9.279020135473695e-05,0.000478269400569018,9.280742459396752e-05,0.005660768473699844,0.42708350816473917
S05_1,259.4510860443115,0.012346789588446696,0.008710401382937666,10.204212611176256,7.440585272334405,5.12268463541105e-12,2.903490994359911e-12,0.5885449395369674,3.198979951225824,2.260537320507076,0.5015427284267331,0.3073545000788529,0.13208556573514982,0.0018564356435643563,0.0007158708568974157,0.0,0.002436868137620981,0.2767293891106734
S05_2,205.09648966789246,0.009467372158356151,0.007247827779292089,11.281567796331013,7.551675750111891,4.8765231379226514e-12,2.449381708278187e-12,0.9256662567660146,1.928870706209484,1.4664298976913261,0.5221258178535093,0.3289267512660024,0.18376243414519566,0.00019563728846718183,0.0005691961398152699,0.00019567556990509734,0.04924523677169303,0.3328513345123049
S05_3,266.04106068611145,0.010533246124417063,0.011527599112001286,7.024697126674237,6.723636640734122,4.7083274879004905e-12,4.384461321887492e-12,0.4316680358293204,2.7960624703392196,3.0486419201803434,0.44666953065505277,0.492928117880963,0.027693003427623368,7.548309178743961e-05,0.00020942199529299133,7.549448890231014e-05,0.07079460632038481,0.0361423453216178
S05_4,188.93404603004456,0.012553438416894228,0.009957156369459028,6.590596885271521,7.581151546947341,6.89261959998476e-12,4.977456784810985e-12,0.5628112026127827,2.357179787860099,1.8284767849592254,0.4374680470707293,0.34090467863253904,0.07766982232552203,0.00021242697822623473,0.0008004493750877685,0.00010623605651758207,0.0729224156045561,0.16135944758654888
S05_5,166.3904993534088,0.009754360695031784,0.009803315540038583,13.446890232689267,8.264584421394224,4.897555275124411e-12,5.456761299943446e-12,0.6814746482405981,1.6078410502577882,1.6027172612513902,0.42816980291723056,0.3677689916688557,0.03930501583859664,0.000361794500723589,0.0027745001116178205,0.00012062726176115802,0.085476372769246,0.053942204544993655
S02_0,125.89384484291077,0.014854023999274973,0.013292556824751776,8.433078538258608,6.9326313155498545,2.550559296198121e-12,3.306102576972975e-12,1.7584762205179818,1.8014801044104378,1.6142350756194928,0.5065856942721789,0.4167775128141141,-0.009377851618978436,0.00015931177314003505,0.0005689840473731904,0.00015936254980079682,0.019875856125373417,0.12974166621334338
S02_1,181.95944380760193,0.015472634739826565,0.010812063907881505,8.621035312565422,8.324523227868807,2.8041755422247928e-12,2.6315199063126507e-12,4.016067307522687,2.79497931213848,1.9566620869834703,0.519759294937255,0.32018944139077093,0.03427473956429594,0.00011026574043444702,0.0001166435809579354,0.00022058012573067168,0.14005620316865644,0.03121077366576448
S02_2,145.70539498329163,0.012246630664711117,0.010210901701692948,9.878171179048438,10.247623674744121,1.4911748788060135e-12,1.1486588850497545e-12,0.6498386140632165,1.794525582480608,1.4974207548759932,0.46071563116640885,0.3848150473739517,0.06996461238805657,0.00013854253255749516,0.0013654486864383636,0.0001385809312638581,0.008505941881627347,0.13142176026202473
S02_3,149.17899775505066,0.014002921562875978,0.008913146153433006,8.033121211962298,8.240878190263103,4.148360353839817e-12,1.9654905963596616e-12,0.992942798953357,2.0436327646667243,1.2764249263796241,0.49074116491950187,0.25339942691290573,0.17457424128673882,0.00013449899125756557,0.00019560423927733126,0.0005381407237992735,0.025680761015658235,0.35700464797740006
S02_4,201.72533082962036,0.012064654846747151,0.009711667352232852,6.636685958100813,7.168830561701504,3.383183807629159e-12,2.559394680452505e-12,0.9667293701633577,2.4203197852576315,1.9809944513985707,0.4739269159383431,0.35359841253384433,0.017077035650664426,0.0001988862370723946,0.0004077016150244621,9.946290033817386e-05,0.06125644133135313,0.1384367427266149
S02_5,94.38768124580383,0.021362414764480624,0.018182941440203854,13.23472410672382,15.195230781759141,1.963494370738e-11,1.078163891575633e-11,0.7321236305186494,2.0040082229726464,1.70074155958381,0.789793579996338,0.6309302625425697,-0.017980433653063486,0.00042936882782310007,0.00030915376183918386,0.0002147766323024055,0.013665869958394474,0.29430289979140867
S02_6,29.984249591827393,0.024457820500717077,0.023628528438111078,10.092561393726857,8.820309865951131,2.4863203923018853e-12,2.6182998407668745e-12,0.2937635039356772,0.7006507519310016,0.6797269442107722,0.4446188605158832,0.5045764101075364,0.3193370315155199,0.0006693440428380187,0.0010614772224679346,0.0006702412868632708,0.06411325869157526,0.026378646962288234
S02_7,220.83680510520935,0.012692030133728837,0.00973636315469504,7.184764556323134,7.250215979231177,2.2080556609278093e-12,1.426862120004688e-12,2.9688140732741246,2.7472117768089666,2.1344554192017187,0.46217632935815417,0.3514262850718734,-0.05470007160136358,0.0001816695431010991,0.00014416838867797586,9.085127646043427e-05,0.07661755709796213,0.21506157319010508
S02_8,235.51981949806213,0.013024642424460445,0.00794471905378959,8.276271214298312,7.4303276876020785,6.266505132625534e-12,2.280712066266745e-12,4.923695792124604,3.0696580517713166,1.9055803289463382,0.5257575606218708,0.33402202598150016,-0.016977599211096026,0.0001704593880507969,0.00025907903036856807,8.524422470377632e-05,0.05252524418626103,0.46669442163304486
S02_9,60.455504417419434,0.0189178076416152,0.017223602868277097,8.249302566532183,17.72333389755152,8.532051711880232e-13,1.692767093764356e-12,2.6540868813118563,1.1186721298110653,1.0328388107283524,0.8615348376836502,0.5157018092992428,0.1255266212335844,0.0003368137420006736,0.0008336624106006757,0.0013481631277384564,0.13151938592949225,0.3301915479695058
S02_10,217.62518191337585,0.011933223944576658,0.010268544311105451,6.922099745393975,6.6600486604263835,2.665276137736429e-12,2.0676528972580837e-12,1.2950455256052433,2.594247620041558,2.241235740236148,0.46303245074603305,0.3191054105207551,-0.0248219679816517,9.221689413500554e-05,0.0001462843768285547,0.00018446781036709093,0.06956270557382799,0.12635186755474898
S03_0,106.18199872970581,0.012486339092558524,0.010969967541878027,7.033377194585327,7.082344336715241,9.614331230509666e-13,2.4703912345182675e-13,0.5071535760365803,1.3244451519795062,1.1673453881120104,0.5286907095860114,0.42810086667091374,0.017612025040833024,0.012842304060434372,2.4988130637946975e-05,0.0,0.10153024969337328,0.5912055794847445
S03_1,137.7110869884491,0.012645320172204625,0.010513725026829495,5.932965837273711,6.560707654312923,1.957860924031075e-12,4.2980052389394925e-13,0.5064486176109362,1.7480640856974161,1.4500793709370012,0.5709266421737635,0.3945106018657115,0.0463767432286768,0.010340809787357996,0.00011560916395306268,0.0,0.04258071497313281,0.6400184207613263
S03_2,100.52185392379761,0.013526520676240415,0.012023395622337384,5.459860657810285,6.70605715890423,2.7938255154216776e-13,2.0733778366034075e-13,0.6381333920215685,1.339224060338013,1.172087838766212,0.5695524673131738,0.4830841805523561,-0.03164352058958964,0.012966287652104528,0.0011877738478593676,0.0,0.14839061995998565,0.1480633671295748
S03_3,150.55792260169983,0.0125884403249628,0.010115869670501121,7.26391742295025,8.965449490857784,7.082467784720612e-13,1.727443376749924e-13,0.5349454834482842,1.870614262397058,1.51071289574552,0.6397229247774399,0.43729854416337377,-0.10109336483184042,0.011996800853105838,0.00014097164707748154,0.0,0.14560312082922086,0.6078989143475733
S03_4,129.4914150238037,0.012284653560594716,0.010131958618002774,8.821654658609209,9.211299852836152,1.5841283253713857e-13,5.439708024745876e-13,0.632290681609551,1.5775953964447202,1.282545466498291,0.6142662968916669,0.33577251020127075,-0.14905751175334764,0.0014042752379466376,4.097772860450345e-05,0.0,0.02851585795643372,0.547755754398023
S03_5,105.20100736618042,0.013524907345845527,0.009923070769896031,4.709471703911535,5.7305931108811885,3.261849624910169e-13,3.9691065650689905e-13,0.6709780252717141,1.3984507899752332,1.0221960572385076,0.6250804823414435,0.3604735957577981,0.06628168355466488,0.021556657764212134,0.00012610340479192938,0.0,0.05388537317923944,0.09762836711638931
S04_0,110.33251714706421,0.010463540218804671,0.011204084903605234,8.065826581768706,13.79581220750787,8.037652765661939e-12,4.383006354675753e-12,0.6033022284401023,1.0970630515238569,1.1995034303712009,0.5645953316658235,0.383215483187332,-0.0038466157525793563,0.00018178512997636792,0.0018274941688508428,0.0003637024913620658,0.17063543707097523,0.2952957854988746
S04_1,119.07697415351868,0.014044371572515466,0.009866921183309278,7.0232529741321645,11.475592621793602,6.8928383615955634e-12,8.487155379500473e-12,0.9586765934234335,1.6229769135977237,1.1667275770913805,0.569459174605589,0.27653929922747056,-0.05006365769409562,0.0003372112628561794,0.0001782412049105452,0.00016866250632484398,0.24364705146524673,0.10414053870984796
S04_2,123.03228116035461,0.0128518370553468,0.008733450512087458,7.677883901684174,13.705983814311452,3.659558076161818e-12,4.5505566403276515e-12,0.6083336269145896,1.5564448929348822,1.0815964998075531,0.47471935394077697,0.30570362849620636,0.05051569016332781,0.00016310552927744252,0.0012292695550906855,0.00016315875346712352,0.23361756099979972,0.11054789390762763
S04_3,130.23092246055603,0.011724525756718533,0.00839068720302331,7.347265785322908,12.600544934109255,4.869482181066102e-12,3.2429739935562935e-12,0.5706392680401978,1.4980744504272105,1.088635528311596,0.4531305876075133,0.2775308113500451,0.009431473350761272,0.0007701786814540973,0.0007334365577377557,0.00015408320493066256,0.23051177849727303,0.2011546047701983
S04_4,102.1382668018341,0.012506133170706252,0.009601963992634978,8.820309778675606,16.55258009527346,4.582434539139894e-12,3.3687362729967874e-12,0.7149580445961453,1.238229690916999,0.960914784207761,0.4672949094587576,0.30408920517087595,-0.026362386400620542,0.00019638648860958367,0.0010649903891111227,0.0003929273084479371,0.15038029220553134,0.15226526609934987
S04_5,131.28314208984375,0.013363167779212539,0.010521447693815677,9.09432736919631,16.729368806477,5.231509998303171e-12,4.055319121267584e-12,0.6150218396979084,1.7377084828489613,1.372728382641007,0.5562350107138204,0.33531629850634737,0.03863144859941077,0.00015276504735716468,0.0008891223957807101,0.0001528117359413203,0.15483709025847625,0.12712980090638062
S04_6,138.83601880073547,0.011881755169688675,0.009752717224876984,8.608830151155397,12.919032654199276,4.231174659455702e-12,2.738940252195981e-12,0.6665083949871626,1.5658711297930994,1.3479095776751397,0.5255060623377306,0.39098673772734954,-0.02012138612166438,0.024009256580850447,0.001280336327154596,0.0,0.1618528377164179,0.21505205801287955
S04_7,99.67289280891418,0.011967472372155537,0.010256103272770876,8.686370268024778,14.300849342847505,4.655005780126661e-12,6.732470721666176e-12,0.7350989513231746,1.156880283747627,1.0225632441030483,0.4455594653141042,0.3518819585676387,-0.04941394956595335,0.00020132876988121604,0.002581915941334611,0.0002014098690835851,0.16541290618686105,0.18441713087864195
S10_0,72.66212344169617,0.012803468142010332,0.010221562471890946,8.743018953993781,12.580625069629649,5.0972396942243326e-12,7.754249718721564e-12,1.3347584312514211,0.9349338782438975,0.7428485863118952,0.6624429951159335,0.5490814083324376,0.24759607281789978,0.00027586206896551725,0.00018247509214992154,0.0002760143527463428,0.09634816768511954,0.20770527803006747
S10_1,80.08309030532837,0.01286400958395626,0.012443237785718651,10.49376452160956,11.533399655043075,2.4575541877676686e-12,5.946760276944987e-12,0.87195789875929,1.0356158304119312,0.9995505709998481,0.5999221952401103,0.5595073516103862,0.15654999682643944,0.000250689395838556,0.0009603921049145582,0.00025081514923501377,0.03612079411115844,0.4163336875748248
S10_2,100.30987787246704,0.010228528561652584,0.013419840548219134,11.722499024986973,11.939509125416285,4.853181329623145e-12,6.39956841431876e-12,0.7635257613174824,1.0009855661601617,1.3438898330212616,0.640321272044517,0.5453100639343684,0.10648574975221833,0.0002002002002002002,0.0006079991540881334,0.0002002803925495694,0.0012563137261735818,0.13741220687324138
S10_3,130.69891595840454,0.011052817809711766,0.008856601456028202,8.486291544843121,8.761471829938056,3.7687411882610944e-12,2.7769436480339167e-12,0.7110917170898385,1.3747396058944452,1.1157628956516636,0.6352334435000186,0.3671769073384972,0.1875243433158154,0.00015351550506601167,0.0004869438188568994,0.0003071253071253071,0.017773827983592234,0.15120054470772484
S10_4,91.12736129760742,0.011872609970121543,0.012167504334774483,18.160798919234228,13.453591752638573,2.8221225737954937e-12,2.72371035117012e-12,1.3709283604379918,1.0635149186696227,1.0845117449689092,0.7097000333875947,0.49803714527240145,0.1479938080138575,0.00044004400440044003,0.0013095480604138172,0.00022011886418666079,0.15092903261736385,0.01789611479025555
S10_5,91.44186902046204,0.012121454297620272,0.01216401817355743,10.104758216239937,9.772055637259749,3.537600872757882e-12,5.258720848986351e-12,0.5845659201072645,1.1066559004121823,1.1249145388552506,0.6845103875530961,0.5832345538083147,0.09473511575217905,0.0004425757911042266,0.0003480076561684357,0.00022138587558113792,0.011238345072605713,0.22180289375620577
S10_6,97.0710277557373,0.013337484454939517,0.015232656087314422,14.261143629955402,13.927384829755875,3.651345720707897e-12,6.12874315537962e-12,0.8743320998145149,1.2693036630763572,1.4632595847967467,0.6030311746683794,0.6669056933069412,0.2624868170811588,0.0006198347107438017,0.000874221396568681,0.00020669698222405952,0.09633369683867563,0.2546560248230432
S11_0,147.66477942466736,0.016695062591576562,0.014350940664643987,8.319997170047447,7.986284859662465,3.7824397974447554e-13,2.618006234880868e-13,0.7430429523736318,2.448113269800846,2.135783150308515,0.9805241506253028,0.47309175106481877,0.15127547954047316,0.00013579576317218902,0.0009158660321451019,0.00013583265417006248,0.014026797757480454,0.18188640574269724
S11_1,91.61759901046753,0.01319534510456881,0.01572679851095655,6.564898260383367,7.688230717666483,6.368063396938668e-14,5.830613731739777e-13,0.978773977735265,1.2315364694105488,1.4564649218383279,0.6319179409649612,0.5346881409060279,0.1261778931851821,0.0002187705097352877,0.0013893713094824591,0.0002188662727073758,0.09416570097943396,0.8032293046313428
S11_2,136.66237473487854,0.017331546043206403,0.015777725587693588,7.068177828899962,7.408696110895938,1.5760884929384902e-13,8.672835269500941e-14,0.6901285822049825,2.3691158464112565,2.1474523252564746,0.8427861273211015,0.5171236160231475,0.039825847506352374,0.00014671361502347418,0.0011447419480015522,0.00044027003228646906,0.018807204954267628,0.2902757224972478
S11_3,98.64141201972961,0.014915732735404431,0.013932202419314414,8.753877177357982,8.15009223080035,3.592561065660827e-13,1.495501689895983e-12,0.9120439285719959,1.4550644722163473,1.3619496413462402,0.6318403551714198,0.44006830500949584,0.036076230287328794,0.000406421459053038,0.0013171688933093196,0.00020329335230737954,0.07503426359056206,0.6126701887762112
S11_4,129.0378966331482,0.015581408150103138,0.013614735380494531,8.44041069830126,8.520090096495734,1.3688270613767127e-13,2.6856329065031287e-13,0.6141800280407875,2.0154639439436437,1.7845262137562279,0.7783392676119579,0.4769789169954676,0.07040352115574647,0.00015537600994406463,0.001479593933664872,0.00046627292508548337,0.004034875314503771,0.32497500713443717
S11_5,84.85917925834656,0.01354946970688952,0.014758711543488255,9.050152897915929,7.2467796947728305,1.3974723787682654e-13,5.452286916064032e-13,0.6886259582741627,1.1300940835150883,1.2003513692799455,0.6664252580615688,0.4962690406685642,0.11023388632422787,0.00023618327822390176,0.0014061621148678208,0.00023629489603024575,0.09448262073930412,0.5921383028738227
S01_0,84.34988522529602,0.01966960224110095,0.018664061092402137,11.921160282023319,11.927853424991053,2.3164305922645817e-12,9.290703364143382e-13,0.8388770275417236,1.5170971418776735,1.4504715293788337,0.7643127518258576,0.6468262231069245,0.20099553215623703,0.0002378686964795433,6.286738125923365e-05,0.00047596382674916705,0.006900954206100756,0.4282353837119227
S01_1,80.21339297294617,0.022526568230354677,0.019594041682224343,8.713669277618928,10.59130123116115,8.90124829691533e-13,2.3633967140271894e-12,0.7457982428185215,1.6842496950297496,1.4218022275807565,0.7031523106368024,0.5780654709028173,0.26936774325864926,0.0002498750624687656,0.00033057851239669424,0.0005,0.07559397892373179,0.4533639288592376
S01_2,83.81214594841003,0.02325428413252286,0.018214972134904556,9.70846746911221,11.93851418595226,2.256883564846095e-12,1.7197593229693265e-12,1.1273719101920758,1.817618169546652,1.4207038387865574,0.8112880328922936,0.5483940123794724,0.22031281973728645,0.00023917723032767282,3.163956210846042e-05,0.0004785833931562575,0.14706391045426045,0.13450432493015038
S01_3,80.52278161048889,0.020692098471038263,0.020287570505848063,12.294200772421021,10.98248375074963,1.8127547245865987e-12,4.513395157874132e-12,0.5893219213711736,1.6600794051000114,1.586995996487397,0.8532552474109804,0.6355432814684213,0.12388853579579,0.00024888003982080636,3.292723081988805e-05,0.000249003984063745,0.009674075856967591,0.42707366743265873
S01_4,109.88471913337708,0.019867751422804086,0.01894206429710964,15.320090607726872,15.874369188374587,8.067481138462759e-12,7.732230998427765e-12,1.0928016244039758,2.1521026639293486,2.062332327664631,0.6509408771960067,0.6528482858192455,-0.14778432254949553,0.0005521811154058532,2.4131856463717753e-05,0.0,0.055915134143204814,0.018944795025578193
S01_5,71.4488742351532,0.024297153320465083,0.019144981167704755,8.003226163968309,8.566778268773838,2.2808115321300807e-12,5.476898201718684e-12,0.7163596126514833,1.660590012595753,1.3147334078412145,0.810818401096022,0.6344300149127128,0.18464080411348976,0.0005611672278338945,3.7114014251781474e-05,0.00028074115665356543,0.027217501879681343,0.4124156710318447
S06_0,157.20176029205322,0.007874205773593861,0.006116895586431411,6.945155095141515,7.96053987433782,2.33119369151951e-12,2.095151275203059e-12,1.0999191470507226,1.2199552042438144,0.9458910618164352,0.4355121408979287,0.44265344033749976,-0.028058504725567566,0.00012763241863433312,0.0006411987041036717,0.0005106600280863015,0.05345119662859777,0.05306573807278529
S06_1,120.97367548942566,0.007705489352587415,0.005622579317111244,4.785807996625687,7.997516123910064,2.7324332282677036e-12,1.7366992647196033e-12,1.4322227167263908,0.9474303828557953,0.6732886480449498,0.48696641586986533,0.35257733634847765,0.09935110207325898,0.000165809981760902,6.578226071702664e-05,0.0003317299718029524,0.29509873462171465,0.22332827499830352
S06_2,120.25997376441956,0.009217420785187194,0.006824730229814469,4.545606174489891,5.9208573520427334,2.43743216507859e-12,2.090045491917045e-12,0.728767231745086,1.0005138989852052,0.8171596498239078,0.4173659561946869,0.3777511222939087,0.08241851390925031,0.0013348907058234607,0.001301307924744701,0.0,0.16146479946125647,0.07682973543670216
S06_3,199.75423312187195,0.007620927423635314,0.004694034701179639,10.340940621017708,10.29907198410844,2.9871612432941153e-12,2.1719238389573166e-12,0.8863500143750466,1.4876724909631214,0.9501132631335163,0.4449073807959877,0.30902205893657575,0.06319279859418832,0.01507537688442211,0.00019920054182547377,0.0,0.13949966857244345,0.157864643950602
S06_4,134.47056937217712,0.008753268568307227,0.0064508577328702445,10.775202326971613,9.611244395485453,1.4941693451464658e-12,1.6990031365960591e-12,0.5837891801428337,1.1636401741572013,0.8709524010377385,0.4682394227910076,0.40616209463521113,0.13633444933937422,0.017308266189197254,0.0002367330834484119,0.0,0.04470407993224032,0.06496033383616492
S06_5,144.02399134635925,0.009001786291846985,0.005914695263412526,4.344694028456271,5.642786884653861,1.8716253681999024e-12,1.6216683363260239e-12,1.0895775286310145,1.260899037418005,0.8255278940810167,0.5429943813155753,0.3805635469492927,0.0753616431226437,0.0002785903329154478,0.0005157202585968725,0.00027866796711717987,0.12993324899202485,0.0710254059063145
S08_0,141.40186023712158,0.010397656680498309,0.009643732558703528,12.208860944412892,15.66390896669477,1.7022915622112034e-13,6.120178267095538e-13,2.5475093359946395,1.469271757112383,1.3694061727889895,0.6077263154132708,0.23774546931572565,-0.0902446111168717,0.0004257130693912303,0.0005251214343316892,0.00014194464158978,0.031925872227600696,0.5647654493037072
S08_1,98.91915726661682,0.014609531723780612,0.009315432725581921,16.335163489725538,17.111367273855404,2.70542468201718e-13,2.3068386491963314e-13,2.336720885155606,1.4541150239787455,0.9330566867488236,0.7310486481806129,0.2567251322470574,-0.11852592832920476,0.00020263424518743666,0.0015013404825737265,0.000608149199270221,0.047572136700516,0.07941149848308664
S08_2,106.43545794487,0.01327875862691759,0.010118468003070601,19.044255279072285,19.328475352739904,3.12084930697494e-13,4.786608821841496e-13,1.492585715379122,1.4160517812275542,1.081098465441689,0.6127547109398722,0.29801823959714885,-0.14230624804602907,0.00018832391713747646,0.0016944506740425107,0.00018839487565938207,0.009081770531626059,0.21078343380058445
S08_3,102.38457989692688,0.0125038319053425,0.009418015128256374,11.878441024581331,16.294951861652454,1.3377416424106943e-13,4.517835568955071e-14,0.8512402922689957,1.2693568511519089,0.9735994217764186,0.5522914644893376,0.20785155598046662,0.028802688150239446,0.00019584802193497845,0.0004921897261870839,0.00019592476489028212,0.025361870382592508,0.4950832092982236
S08_4,119.68214058876038,0.010164166635698644,0.011405316907708518,11.953938914456522,16.083951933144817,6.023767038273274e-13,1.734390522428059e-13,0.7562081731917348,1.222128200141855,1.3474572017692268,0.4839038455511028,0.2958911233593526,-0.08715606885623738,0.00016897600540723216,0.002680965147453083,0.00016903313049357674,0.07524940823449806,0.5543011843225132
S08_5,97.25316381454468,0.012720230663314102,0.011235880933246078,19.258916258890594,22.87372367854398,3.093625590447411e-13,8.399862619901905e-12,2.124292935352883,1.22333031787255,1.0732935945740074,0.6191792193755825,0.33248612355993235,-0.1093998242890368,0.00020610057708161583,0.0024813895781637717,0.0004123711340206186,0.09467047457055168,0.9289695242286367
S09_0,130.16967868804932,0.014193409494371114,0.010774580115546037,8.97317451647327,6.985651738397916,4.298038368153242e-12,3.131039910476007e-12,0.6547393608425065,1.8473702718073424,1.4205613945059072,0.5002441418144553,0.37227182335775844,0.12167935506885269,0.00030807147258163895,0.0007537176614381747,0.00015408320493066256,0.013348511356322847,0.15686220764494352
S09_1,130.79790258407593,0.014134993893323237,0.016761790262219294,8.806546560613352,7.614881358543819,3.665595372284965e-12,9.723975568456985e-12,0.7965469716640061,1.7804995143521052,2.148068119791417,0.40774761497694745,0.5420022973090043,0.1622694373014872,0.00030679552078539653,0.0010745493988605721,0.00015344483658124905,0.01135707740490334,0.45385334299387153
S09_2,103.78131675720215,0.012985336915399624,0.014099105257623458,9.615226309732842,7.793770916495017,4.061104149138665e-12,4.575438360954264e-12,0.7203460519301744,1.3708493733727454,1.4668726460963184,0.41759154828585626,0.5641227300610637,-0.11327508665998884,0.0001932367149758454,0.0008432349559218092,0.00038662284941040013,0.051817682927715145,0.0596760117031549
S09_3,87.26733827590942,0.015130257528213877,0.01289274250462389,8.582821835200868,7.9704876508911315,8.557630998734323e-12,6.801349904977794e-12,0.6633756032747911,1.2808824597059205,1.1011686827935068,0.5721699236610049,0.49013392798644706,0.2021704646038113,0.00045934772622875517,0.0019144862795149968,0.00045955882352941176,0.13556084820756809,0.11376628087653962
S09_4,148.3065779209137,0.013730167668033855,0.015247067194099882,9.536959634237672,7.844422769469352,4.698983467714079e-12,9.420044152068596e-12,0.5210691887489441,1.9593824574844634,2.1573341134196364,0.43549033660293024,0.5791217675586184,0.09020364577725311,0.00013623978201634878,0.0012873694750393362,0.0001362769146906514,0.03655312402251113,0.33441487449389345
S09_5,93.42283987998962,0.012432164975386266,0.011956870435684795,9.70935620799451,9.723756608109229,3.5417740055119395e-12,7.430489452960728e-12,0.7787295604628804,1.153107044599843,1.1092306298562415,0.46983076597385687,0.44547917496325723,0.20068797503339633,0.00021482277121374866,0.0012773204655123474,0.0002149151085321298,0.04569462796645405,0.3564607145171847
S07_0,244.84493851661682,0.01304215125403593,0.012894007682622796,8.024283656250933,17.48587356855564,4.932530481201749e-12,2.057845687405958e-12,0.622539017580988,3.1717729368219008,3.1514315196101026,0.43772974003106313,0.37522154179636574,-0.029935953609402318,0.00827665328197984,0.00011920113566172885,0.0,0.16950309618259937,0.41189295097326234
S07_1,284.8048405647278,0.012354815784652145,0.013016405764475153,8.031175317144113,16.696737932072807,3.334693161650904e-12,2.8888114739666448e-12,0.6371463837927833,3.4698150082865498,3.576267237269232,0.4004888137571638,0.369291559849692,0.1274473919416822,0.014440687517610594,0.00024220969770366574,0.0,0.11785887230843937,0.07188829242635673
S07_2,214.03766703605652,0.014877453527847048,0.012526454570860865,7.896787925541514,14.661822026322811,7.059022218451745e-12,7.909222049556484e-12,0.7576314928246333,3.111194984480158,2.592461549596437,0.4574225963344985,0.28441749089482127,0.06274748540347704,0.017351341211780155,0.0002975304968759298,0.0,0.13717884262651422,0.05836006958890323
S07_3,239.74020719528198,0.01300522220901058,0.014256995214425479,8.15252494061048,19.165301099223644,2.973630262678888e-12,2.0826731059783298e-12,0.8345383959492788,3.1505325440874064,3.3915920805853963,0.45017874561170995,0.37007163298650453,0.09277074738689345,0.0077006779944756,0.00035415075755060484,0.0,0.16231560706735967,0.17672443462794293
S07_4,245.3294916152954,0.015907822148441518,0.012097025611533294,8.869993645329146,12.495772026039193,7.083056231359234e-12,6.973685332257895e-12,0.7540496034022349,3.708105459715796,2.9131514693490423,0.5230059089732927,0.26486915946797657,0.05756105501175429,0.014076438333742532,0.000692213677709638,0.0,0.10023441222276315,0.00692801600774245
S07_5,201.94546103477478,0.014728866752762007,0.011588096404946544,7.632893246409255,16.530544841595354,3.393095164968036e-12,2.6551379074069685e-12,0.7499132445546808,2.925845752935872,2.3179146602993153,0.3807420969332179,0.25704899038253864,0.11875725809983925,0.0004968203497615262,0.0005518328734726055,0.0,0.22177988111654448,0.12209679030926385
S07_6,208.59390568733215,0.01460291115919089,0.012737287759680326,8.843313554417477,14.724429601937894,5.667969624364809e-12,7.349609367912554e-12,1.332885605205574,2.9418996693563733,2.470421733580703,0.5611786313296964,0.2523166220628719,0.18483764961061963,0.0068328361081705325,0.0007631451756505812,0.0,0.12204443655846457,0.13155280439123715
S13_0,68.55500316619873,0.01852827935050071,0.013322585294416087,7.534085979034549,8.446751315667672,7.065369860519852e-12,4.0847010056453e-12,1.2902418547879866,1.2710936025893895,0.9315701815834683,0.6555202976120922,0.5211944956355683,-0.06934361190147552,0.0005851375073142189,0.0007356927127700767,0.0002927400468384075,0.0676669061695762,0.2678993709984236
S13_1,65.75674319267273,0.01600655981459958,0.01850788428381271,7.780670053208964,7.531281381197847,4.357538589699292e-12,5.311421801629908e-12,0.8148719602955329,1.0537684068108784,1.2216593358908894,0.4976585077579011,0.6262295158494626,-0.044882894825216506,0.0003053435114503817,0.0013319341298030352,0.00030553009471432935,0.030451656247361607,0.09904934981270459
S13_2,80.76030802726746,0.01769305454868422,0.01131943305827777,7.562957609838721,7.7102745612290855,8.762592840075551e-12,4.442477834272687e-12,0.9519432444541379,1.3862718327167272,0.9071455583504766,0.7779478447539556,0.4002999272354644,-0.017912638301106672,0.00024826216484607745,0.0013186958098440641,0.00024838549428713363,0.15514201630287497,0.32789594566285973
S13_3,42.60471701622009,0.016487248492025524,0.016872128827523324,8.692662036717362,7.910360469592332,3.9048617280681585e-12,1.784348658040918e-12,0.3031809030234543,0.7186303030189186,0.7379030166044149,0.6320755032450124,0.6386512811031962,-0.04851501299120851,0.0009402914903620122,0.00099676052828308,0.00047058823529411766,0.025115989946640625,0.37675332962614555
S13_4,37.83104729652405,0.01825046642386328,0.014657961304198136,12.376489598795857,7.993231546603576,4.665204713819454e-12,6.7316392068398306e-12,1.853931358555824,0.6710223645052054,0.5308345762337143,0.75111278369914,0.33967702763733143,0.1806475398785686,0.0015889830508474577,0.002468961625282167,0.0005302226935312832,0.054457998387485676,0.18433847164189265
S13_5,76.72460675239563,0.013759907875447263,0.014385247807361898,7.7433388142400315,9.962521420646153,5.059018295278262e-12,3.9889762746740465e-12,0.7973118395644266,1.0446595069711253,1.0240727504332456,0.5212102000655818,0.5383796821949675,-0.09646877964547612,0.000784313725490196,0.0006259780907668231,0.0002615746795710175,0.00045742885251343226,0.11946206493279793
S13_6,94.73001980781555,0.016971496663592368,0.011645197964635865,10.352563878483261,10.214587375219043,4.258494147676581e-12,3.419291741401882e-12,0.7875777817883571,1.5966874932922988,1.0728339556248585,0.5675036272176787,0.42040257276181564,-0.09390718812715652,0.00021376656690893543,0.0013451406792960431,0.000213857998289136,0.11610365925179439,0.11100540813647913
S13_7,66.81818628311157,0.019852946094069308,0.01852162114571509,8.483918481988677,9.01428711403693,1.0992565502320974e-11,4.402483621611388e-12,0.8438942304946034,1.296712827546834,1.1938163608267456,0.6562556907254065,0.5709050667211988,-0.036405398251422354,0.00029994001199760045,0.0011182108626198084,0.00030012004801920766,0.08588798765102701,0.4297544555620014
S14_0,96.87045621871948,0.011064454381521142,0.010114268400412532,9.163081293999936,9.40692958034438,2.99339204299411e-12,2.778685753622763e-12,0.8229519221332303,1.051075104662475,0.9829909139253307,0.44281142742969226,0.5062953227718505,0.02998211316364225,0.00020712510356255177,0.0018624524116019829,0.00020721094073767094,0.04621570761715029,0.03828634794680991
S14_1,90.93721508979797,0.01243995428930714,0.011253252782944475,11.043569789169961,11.302403151357474,3.359535392251187e-12,4.860446830937466e-12,0.9226680095857183,1.1044037768711035,1.0054158746884627,0.5577785661258853,0.5444707294804142,0.024532360027243863,0.00022055580061755624,0.0014298220017508025,0.0002206531332744925,0.06045976830392109,0.18313194713592504
S14_2,101.52170252799988,0.011751147248519576,0.009234481392798465,11.154659042986932,12.204073036514036,3.2931651992201737e-12,5.401576489537678e-12,0.6812043800218469,1.1987949495184838,0.9571534487405995,0.5418470348763933,0.44498428539753443,0.002426423992721856,0.00019747235387045813,0.0007318156869919761,0.0003951007506914263,0.004432099030720353,0.24403373457183472
S14_3,99.08437991142273,0.010536234081815189,0.011850492281711268,8.859109554961133,9.611428573065293,3.1967168597275838e-12,7.428208942030915e-12,0.8671043797055626,1.0275631792266462,1.1422755015061274,0.38827796189761576,0.5101454559477064,-0.06781188369779825,0.00020255215718047398,0.002356091030789826,0.0006079027355623101,0.010794151813162652,0.39908529622353217
S14_4,101.4664671421051,0.010545309333458203,0.013070774381052069,8.765701431728752,8.638911479561624,3.308999109190779e-12,5.203874577959058e-12,0.8351734990791041,1.082003254840732,1.3345893373785689,0.45651791435579003,0.6254919427597917,0.00723437170290798,0.0001979414093428345,0.0018565003660704947,0.00019801980198019803,0.035655216879815925,0.22410705964750638
S14_5,90.67829394340515,0.01303450139836351,0.007749822961580347,13.323977726479322,13.880966852358155,4.597899518893824e-12,3.689539580108235e-12,0.7388196272131424,1.1799332026499436,0.7013499221945272,0.5012173920664685,0.42210272278226724,0.015874309213574113,0.00022119000221190003,0.0027795658025630524,0.0002212878955521133,0.0692757604822626,0.1083786932230328
S15_0,23.80245304107666,0.014845220418787232,0.01902296106059314,13.972812360828405,13.594051259176325,4.937094512642058e-12,4.436109248367775e-12,0.7094885495113566,0.35267616050099143,0.4522401627683172,0.43122491019176584,0.6100041494605094,0.4111747970785529,0.0008424599831508003,0.002266032177656923,0.0008438818565400844,0.10241619919748189,0.054381333242968365
S15_1,107.08657765388489,0.011306255129461578,0.010022544498783677,12.865039641120989,11.900383971454481,8.279650217458384e-13,2.1648143538053956e-13,1.0688782703991904,1.2087872713332075,1.0692527816721,0.6480717693175738,0.5207236912622297,-0.027171284212252168,0.00018719580681392738,0.0003527603497366896,0.00018726591760299626,0.045009458237065175,0.5856802705585563
S15_2,109.40340662002563,0.01348172739960095,0.012158838701452327,9.18089287616203,10.53295508576081,5.214781585218328e-13,5.442814007354021e-13,2.4319326965009043,1.4453109965085043,1.312114181182868,0.6302118787973425,0.42673053039905734,0.09790616279499269,0.0005502567865003668,0.0005425668343691428,0.0001834862385321101,0.09362895005194195,0.021525776229268146
S15_3,145.36790943145752,0.013959456118458509,0.009302351917430004,7.85617699859549,8.395852997266562,5.3461734388145204e-12,2.3586869108819072e-12,2.1579848758612226,2.0237499496421902,1.32833729526376,0.6244672758410745,0.48100783486508497,-0.008014930303485315,0.00027605244996549346,0.0009649643705463183,0.00013806433798149937,0.05652802265206417,0.3893712502166299
S15_4,135.59541487693787,0.012937322128303006,0.012310891740421543,6.919523001037272,6.27818020486962,2.317586046761538e-13,1.3382160040303332e-12,1.5980413689676312,1.7692094600877237,1.667256415629787,0.6325944930398015,0.5335516607909703,-0.10154947786314343,0.0002957267484844004,0.0012535816618911176,0.00014790711433219938,0.02046628434538092,0.7048334359976428
S15_5,225.1356201171875,0.013383440282154884,0.009046811874424516,9.944202512838636,8.92767525807897,5.868021163886649e-12,3.885275869522566e-12,1.1792083342001982,2.971636591693929,2.0036731462064825,0.71455683659997,0.43936564185318777,-0.1015044131917936,8.956560680698612e-05,0.0012101170578579729,0.0,0.02054115094228901,0.19940668469295755
S15_6,174.53441190719604,0.013370865634645067,0.010161467281693638,8.40309569820671,7.448602231912019,9.021499591703613e-13,1.2096487538782598e-12,2.624006123037681,2.3254944489540117,1.762880012325049,0.7260190682332387,0.4535248807545982,-0.07428846725962618,0.00011498217776244682,0.00010821841568239442,0.0010350776308223116,0.0005347277912227794,0.145640666795186
S12_0,83.27159714698792,0.01930201137700276,0.015861426827222046,9.877915961279168,8.622389730435742,3.0591282763755096e-12,4.975970102359066e-13,0.8922365128848,1.5877684145686755,1.346309907462361,0.7243786333422457,0.5696826222820994,0.12442572945983955,0.00024067388688327315,0.0008967748134388111,0.00024078979051288225,0.07421286410335752,0.7201937726641854
S12_1,70.3841245174408,0.019692193098247195,0.01637195755222226,10.544881885726024,9.656139663723458,4.0034157163510256e-13,3.442909551407864e-13,1.0221498138024967,1.395577545066206,1.1545849595444744,0.771730004716592,0.6089928558188847,0.1429968798184453,0.0008539709649871904,0.0005304436782480203,0.0002848191398461977,0.07184455893512402,0.07525983655630275
S12_2,75.26221418380737,0.019842402820337616,0.017409485414934485,11.809891769185647,11.164134346734022,9.764637906526475e-13,9.60779392153809e-13,0.7922399130546517,1.5080284630090657,1.322562547901212,0.6824874843582874,0.676381389767317,0.17119744445478396,0.00026652452025586353,0.0008150536872320068,0.0002666666666666667,0.10499051022875357,0.007992350782093207
S12_3,86.35490989685059,0.02147893079504361,0.019396623000782112,10.255395641154156,9.259788413662529,8.966211885796533e-13,3.651640523427175e-12,0.7651853176097289,1.8672334338235261,1.67326118462136,0.8048019997578811,0.6540520708704002,0.16530623607061318,0.00023207240659085636,0.0008647313156269302,0.0004643603436266543,0.05270401160410315,0.6057694350861654
S12_4,128.2525441646576,0.020945661665529507,0.021552628118041973,11.734636998086737,10.047840093351134,4.0763395029410523e-13,5.899071809968417e-13,0.6931975959993172,2.7050007428704625,2.7574987789389906,0.6896981335904159,0.6128270758501945,-0.035693350898580084,0.00015755475027572083,0.0022042004574755665,0.00015760441292356187,0.05391863571400244,0.18090880169429163
S12_5,75.4505546092987,0.018263055353109098,0.016303989670614027,13.504067871493316,12.321328222359687,2.4353936431957594e-13,4.604132917819036e-13,0.821826802811104,1.390320138589231,1.2368222284188946,0.7042029104749348,0.6116449813831347,0.1708018292759872,0.0002658160552897395,0.0026156728288148174,0.00026595744680851064,0.07000138767779432,0.30820453601617476
